-- phpMyAdmin SQL Dump
-- version 4.4.10
-- http://www.phpmyadmin.net
--
-- Servidor: localhost:8889
-- Tiempo de generación: 17-07-2018 a las 03:58:20
-- Versión del servidor: 5.5.42
-- Versión de PHP: 7.0.8

SET SQL_MODE = "NO_AUTO_VALUE_ON_ZERO";
SET time_zone = "+00:00";


/*!40101 SET @OLD_CHARACTER_SET_CLIENT=@@CHARACTER_SET_CLIENT */;
/*!40101 SET @OLD_CHARACTER_SET_RESULTS=@@CHARACTER_SET_RESULTS */;
/*!40101 SET @OLD_COLLATION_CONNECTION=@@COLLATION_CONNECTION */;
/*!40101 SET NAMES utf8mb4 */;

--
-- Base de datos: `kia`
--

--
-- Volcado de datos para la tabla `account_details`
--

INSERT INTO `account_details` (`id`, `idDealer`, `bank_name`, `clabe`, `account`, `status`, `created_at`, `updated_at`) VALUES
(1, 1, 'BBVA Bancomer', '12180001987301726..', '198730172', 1, '2018-04-20 20:58:56', '2018-04-20 20:58:56'),
(2, 2, 'BBVA Bancomer', '012730001068340276 ', ' 0106834027', 1, '2018-04-20 20:58:56', '2018-04-20 20:58:56'),
(3, 3, 'Santander', '014320655053042408…', '65505304240', 1, '2018-04-20 20:58:56', '2018-04-20 20:58:56'),
(4, 4, 'BANAMEX', '´002840700976961773', '70097696177', 1, '2018-04-20 20:58:56', '2018-04-20 20:58:56'),
(5, 5, 'Banamex', '002180700855335313…', '70085533531', 1, '2018-04-20 20:58:56', '2018-04-20 20:58:56'),
(6, 6, 'BANAMEX', '´002840700976961773', '70097696177', 1, '2018-04-20 20:58:57', '2018-04-20 20:58:57'),
(7, 7, 'BANAMEX', '002813031109686466…', '31100968646', 1, '2018-04-20 20:58:57', '2018-04-20 20:58:57'),
(8, 8, 'BBVA Bancomer', '12910001053888700', '105388872', 1, '2018-04-20 20:58:57', '2018-04-20 20:58:57'),
(9, 9, 'BANAMEX', '2180700960732300', '70096073230', 1, '2018-04-20 20:58:57', '2018-04-20 20:58:57'),
(10, 10, 'Banorte', '072 700 00427602630 4', '427602630', 1, '2018-04-20 20:58:57', '2018-04-20 20:58:57'),
(11, 11, 'BBVA Bancomer', '12100001018463600', '101846361', 1, '2018-04-20 20:58:57', '2018-04-20 20:58:57'),
(12, 12, 'Banco Mercantil del Norte SA', '72691002972846957...', '297284695', 1, '2018-04-20 20:58:57', '2018-04-20 20:58:57'),
(13, 13, 'BBVA Bancomer', '12730001068293800', '106829384', 1, '2018-04-20 20:58:57', '2018-04-20 20:58:57'),
(14, 14, 'BANCO DEL BAJIO', '30730900008065400', NULL, 1, '2018-04-20 20:58:57', '2018-04-20 20:58:57'),
(15, 15, 'BBVA Bancomer', '012700001003429551...', '100342955', 1, '2018-04-20 20:58:57', '2018-04-20 20:58:57'),
(16, 16, NULL, NULL, NULL, 1, '2018-04-20 20:58:57', '2018-04-20 20:58:57'),
(17, 17, 'BBVA Bancomer', '012320001988682123…', '198868212', 1, '2018-04-20 20:58:57', '2018-04-20 20:58:57'),
(18, 18, NULL, NULL, NULL, 1, '2018-04-20 20:58:57', '2018-04-20 20:58:57'),
(19, 19, 'Banamex', '2290700856536420', '5653642', 1, '2018-04-20 20:58:58', '2018-04-20 20:58:58'),
(20, 20, 'BBVA Bancomer', '''012180001999266079', '199926607', 1, '2018-04-20 20:58:58', '2018-04-20 20:58:58'),
(21, 21, 'Banamex', '2180051857241090', '51805724109', 1, '2018-04-20 20:58:58', '2018-04-20 20:58:58'),
(22, 22, 'BBVA Bancomer', '12100001018452700', '101845276', 1, '2018-04-20 20:58:58', '2018-04-20 20:58:58'),
(23, 23, 'BANCO DEL BAJIO', '30090900007867700', '160424180201', 1, '2018-04-20 20:58:58', '2018-04-20 20:58:58'),
(24, 24, NULL, NULL, NULL, 1, '2018-04-20 20:58:58', '2018-04-20 20:58:58'),
(25, 25, 'BBVA Bancomer', '12730001006269800', '100626988', 1, '2018-04-20 20:58:58', '2018-04-20 20:58:58'),
(26, 26, 'BBVA Bancomer', '012180001997844464…', '199784446', 1, '2018-04-20 20:58:58', '2018-04-20 20:58:58'),
(27, 27, NULL, NULL, NULL, 1, '2018-04-20 20:58:58', '2018-04-20 20:58:58'),
(28, 28, NULL, NULL, NULL, 1, '2018-04-20 20:58:58', '2018-04-20 20:58:58'),
(29, 29, 'BBVA Bancomer', '741851000199340076…', '199340076', 1, '2018-04-20 20:58:58', '2018-04-20 20:58:58'),
(30, 30, 'BBVA Bancomer', '12180001061499200', '106149928', 1, '2018-04-20 20:58:58', '2018-04-20 20:58:58'),
(31, 31, 'BBVA Bancomer', '012180001025967093…', '102596709', 1, '2018-04-20 20:58:58', '2018-04-20 20:58:58'),
(32, 32, 'BBVA Bancomer', '012180001105749400…', '0110574945…', 1, '2018-04-20 20:58:59', '2018-04-20 20:58:59'),
(33, 33, 'Banorte', '72580006251810400', '625181043', 1, '2018-04-20 20:58:59', '2018-04-20 20:58:59'),
(34, 34, 'BBVA Bancomer', '012028001020001139…', '102000113', 1, '2018-04-20 20:58:59', '2018-04-20 20:58:59'),
(35, 35, 'BBVA Bancomer', '012320001984062190…', '198406219', 1, '2018-04-20 20:58:59', '2018-04-20 20:58:59'),
(36, 36, NULL, NULL, NULL, 1, '2018-04-20 20:58:59', '2018-04-20 20:58:59'),
(37, 37, 'BANORTE', '072 580 00288006457 6 ', '288006457', 1, '2018-04-20 20:58:59', '2018-04-20 20:58:59'),
(38, 38, 'BBVA Bancomer', '12060001066112700', '106611273', 1, '2018-04-20 20:58:59', '2018-04-20 20:58:59'),
(39, 39, 'BBVA Bancomer', '012028001997693900…', '199769390', 1, '2018-04-20 20:58:59', '2018-04-20 20:58:59'),
(40, 40, 'BBVA Bancomer', '12180001336520800', '133652084', 1, '2018-04-20 20:58:59', '2018-04-20 20:58:59'),
(41, 41, 'Banorte', '072 180 004354008314', '0 435400831', 1, '2018-04-20 20:58:59', '2018-04-20 20:58:59'),
(42, 42, 'BBVA Bancomer', '12180001008298500', '100829854', 1, '2018-04-20 20:58:59', '2018-04-20 20:58:59'),
(43, 43, 'Santander', '014150655048444265…', '65504844426', 1, '2018-04-20 20:58:59', '2018-04-20 20:58:59'),
(44, 44, 'BBVA Bancomer', '12180001006153500', '100615358', 1, '2018-04-20 20:58:59', '2018-04-20 20:58:59'),
(45, 45, NULL, NULL, NULL, 1, '2018-04-20 20:58:59', '2018-04-20 20:58:59'),
(46, 46, 'Banco Mercantil del Norte SA', '072580002887689514…', '288768951', 1, '2018-04-20 20:59:00', '2018-04-20 20:59:00'),
(47, 47, NULL, NULL, NULL, 1, '2018-04-20 20:59:00', '2018-04-20 20:59:00'),
(48, 48, 'BBVA Bancomer', '''012180001982025324', '0198202532', 1, '2018-04-20 20:59:00', '2018-04-20 20:59:00'),
(49, 49, 'BANAMEX', '2320700911620650', '7009-1162065', 1, '2018-04-20 20:59:00', '2018-04-20 20:59:00'),
(50, 50, 'Banamex', '2180700855335310', '7008 5533531', 1, '2018-04-20 20:59:00', '2018-04-20 20:59:00'),
(51, 51, 'Banamex', '''002180700855335313', ' 7008 5533531', 1, '2018-04-20 20:59:00', '2018-04-20 20:59:00'),
(52, 52, 'BBVA Bancomer', '12320001996909500', '199690956', 1, '2018-04-20 20:59:00', '2018-04-20 20:59:00'),
(53, 53, 'BANORTE', '72580004114398600', '411439862', 1, '2018-04-20 20:59:00', '2018-04-20 20:59:00'),
(54, 54, 'BBVA Bancomer', '12180001993481800', '199348182', 1, '2018-04-20 20:59:00', '2018-04-20 20:59:00'),
(55, 55, 'BBVA Bancomer', '01247000164772948…', '164772946', 1, '2018-04-20 20:59:00', '2018-04-20 20:59:00'),
(56, 56, 'BBVA Bancomer', '12730001011102100', '101110217', 1, '2018-04-20 20:59:00', '2018-04-20 20:59:00'),
(57, 57, 'BBVA Bancomer', '12320001984062100', '198406219', 1, '2018-04-20 20:59:00', '2018-04-20 20:59:00'),
(58, 58, 'BBVA Bancomer', '012910001981936574…', '198193657', 1, '2018-04-20 20:59:00', '2018-04-20 20:59:00'),
(59, 59, 'BBVA Bancomer', '12180001983655300', '198365539', 1, '2018-04-20 20:59:01', '2018-04-20 20:59:01'),
(60, 60, 'Santander', '14744920020550000', '92002055008', 1, '2018-04-20 20:59:01', '2018-04-20 20:59:01'),
(61, 61, 'BANORTE', '72580004114398600', '411439862', 1, '2018-04-20 20:59:01', '2018-04-20 20:59:01'),
(62, 62, 'BBVA Bancomer', '12470001060686700', '106068677', 1, '2018-04-20 20:59:01', '2018-04-20 20:59:01'),
(63, 63, 'Santander', '14320655047703600', '65-50477036-6', 1, '2018-04-20 20:59:01', '2018-04-20 20:59:01'),
(64, 64, 'BBVA Bancomer', '12470001647729468…', '164772946', 1, '2018-04-20 20:59:01', '2018-04-20 20:59:01'),
(65, 65, NULL, NULL, NULL, 1, '2018-04-20 20:59:01', '2018-04-20 20:59:01'),
(66, 66, 'BBVA Bancomer', '012910001981936574…', '198193657', 1, '2018-04-20 20:59:01', '2018-04-20 20:59:01'),
(67, 67, 'Banamex', '2610700875985170', '9498519106', 1, '2018-04-20 20:59:01', '2018-04-20 20:59:01'),
(68, 68, NULL, NULL, NULL, 1, '2018-04-20 20:59:01', '2018-04-20 20:59:01'),
(69, 69, 'BBVA Bancomer', '12180001028349400', '102834944', 1, '2018-04-20 20:59:01', '2018-04-20 20:59:01'),
(70, 70, 'BBVA Bancomer', '12100001993363500', '199336354', 1, '2018-04-20 20:59:01', '2018-04-20 20:59:01'),
(71, 71, 'BBVA Bancomer', '12320001996909500', '199690956', 1, '2018-04-20 20:59:01', '2018-04-20 20:59:01'),
(72, 72, 'BBVA Bancomer', '12180001983655300', '0198365539', 1, '2018-04-20 20:59:02', '2018-04-20 20:59:02'),
(73, 73, 'BBVA Bancomer', '12180001962714800', '196271480', 1, '2018-04-20 20:59:02', '2018-04-20 20:59:02'),
(74, 74, 'BBVA Bancomer', '12180001983675800', '''0198367582', 1, '2018-04-20 20:59:02', '2018-04-20 20:59:02'),
(75, 75, 'BANORTE', '72580004114398600', '411439862', 1, '2018-04-20 20:59:02', '2018-04-20 20:59:02'),
(76, 76, 'Santander', '14610655052561600', ' 65505256169', 1, '2018-04-20 20:59:02', '2018-04-20 20:59:02'),
(77, 77, 'BBVA Bancomer', '12100001033392500', '103339254', 1, '2018-04-20 20:59:02', '2018-04-20 20:59:02'),
(78, 78, 'BBVA Bancomer', '12225001054691900', '105469198', 1, '2018-04-20 20:59:02', '2018-04-20 20:59:02'),
(79, 79, NULL, NULL, NULL, 1, '2018-04-20 20:59:02', '2018-04-20 20:59:02'),
(80, 80, 'Scotiabank Inverlat', '044180001038381786…', '103838178', 1, '2018-04-20 20:59:02', '2018-04-20 20:59:02'),
(81, 81, 'Santander', '14320655047703600', '65-50477036-6', 1, '2018-04-20 20:59:02', '2018-04-20 20:59:02'),
(82, 82, 'BBVA Bancomer', '012580001991761017…', '199176101', 1, '2018-04-20 20:59:02', '2018-04-20 20:59:02'),
(83, 83, 'BBVA Bancomer', '12180001991137400', '''0199113746', 1, '2018-04-20 20:59:02', '2018-04-20 20:59:02'),
(84, 84, 'BBVA Bancomer', '12225001054696100', '105469619', 1, '2018-04-20 20:59:02', '2018-04-20 20:59:02'),
(85, 85, NULL, NULL, NULL, 1, '2018-04-20 20:59:03', '2018-04-20 20:59:03');

--
-- Volcado de datos para la tabla `carriers`
--

INSERT INTO `carriers` (`id`, `name`, `created_at`, `updated_at`) VALUES
(1, 'AMPORTS', '2018-04-20 21:17:30', NULL),
(2, 'ATR', '2018-04-20 21:17:30', NULL),
(3, 'BOSS CAR', '2018-04-20 21:17:30', NULL),
(4, 'FHAM', '2018-04-20 21:17:30', NULL),
(5, 'GMX', '2018-04-20 21:17:30', NULL),
(6, 'IMG', '2018-04-20 21:17:30', NULL),
(7, 'JCC', '2018-04-20 21:17:30', NULL),
(8, 'KCSM', '2018-04-20 21:17:30', NULL),
(9, 'KIA', '2018-04-20 21:17:30', NULL),
(10, 'LC LOGISTICS', '2018-04-20 21:17:30', NULL),
(11, 'MARVA', '2018-04-20 21:17:30', NULL),
(12, 'OCEAN', '2018-04-20 21:17:30', NULL),
(13, 'STEEL CARRIERS', '2018-04-20 21:17:30', NULL),
(14, 'TC', '2018-04-20 21:17:30', NULL),
(15, 'TLE', '2018-04-20 21:17:30', NULL),
(16, 'TLM', '2018-04-20 21:17:30', NULL),
(17, 'TNL', '2018-04-20 21:17:30', NULL),
(18, 'TPK', '2018-04-20 21:17:30', NULL),
(19, 'TRA', '2018-04-20 21:17:30', NULL),
(20, 'WWL', '2018-04-20 21:17:30', NULL),
(21, 'CSI', '2018-04-22 01:05:58', NULL),
(22, 'TRACOMEX', '2018-04-29 22:06:55', NULL),
(23, 'INTER MG', '2018-04-29 22:06:55', NULL),
(24, 'FERROMEX', '2018-04-29 22:06:55', NULL);

--
-- Volcado de datos para la tabla `car_models`
--

INSERT INTO `car_models` (`id`, `name`, `year`, `status`, `created_at`, `updated_at`) VALUES
(1, 'SOUL', NULL, 1, NULL, NULL),
(2, 'SPORTAGE', NULL, 1, NULL, NULL),
(3, 'FORTE HB', NULL, 1, NULL, NULL),
(4, 'RIO HB', NULL, 1, NULL, NULL),
(5, 'SORENTO', NULL, 1, NULL, NULL),
(6, 'STINGER', NULL, 1, NULL, NULL),
(7, 'OPTIMA', NULL, 1, NULL, NULL),
(8, 'NIRO', NULL, 1, NULL, NULL),
(9, 'FORTE SD', NULL, 1, NULL, NULL),
(10, 'RIO SD', NULL, 1, NULL, NULL),
(11, 'NEW SPORTAGE', NULL, 1, NULL, NULL);
--
-- Volcado de datos para la tabla `damages`
--

INSERT INTO `damages` (`id`, `number`, `name`, `created_at`, `updated_at`) VALUES
(1, 1, 'BENT', '2018-04-20 21:17:47', NULL),
(2, 2, 'BROKEN', '2018-04-20 21:17:47', NULL),
(3, 3, 'CUT', '2018-04-20 21:17:47', NULL),
(4, 4, 'DENTED', '2018-04-20 21:17:47', NULL),
(5, 5, 'CHIPPED', '2018-04-20 21:17:47', NULL),
(6, 6, 'CRACKED', '2018-04-20 21:17:47', NULL),
(7, 7, 'GOUGED', '2018-04-20 21:17:47', NULL),
(8, 8, 'MISSING', '2018-04-20 21:17:47', NULL),
(9, 9, 'SCUFFED', '2018-04-20 21:17:47', NULL),
(10, 10, 'STAINED OR SOILED', '2018-04-20 21:17:47', NULL),
(11, 11, 'PUNCTURED', '2018-04-20 21:17:47', NULL),
(12, 12, 'SCRATCHED', '2018-04-20 21:17:47', NULL),
(13, 13, 'TORN', '2018-04-20 21:17:47', NULL),
(14, 14, 'DENTED PAINT NOT DAMAGED', '2018-04-20 21:17:47', NULL),
(15, 18, 'MOULDING/EMBLEM. WEATHERSTRIP DAMAGED', '2018-04-20 21:17:47', NULL),
(16, 19, 'MOULDING/EMBLEM. WEATHERSTRIP LOOSE', '2018-04-20 21:17:47', NULL),
(17, 20, 'GLASS CRACKED', '2018-04-20 21:17:47', NULL),
(18, 21, 'GLASS BROKEN', '2018-04-20 21:17:47', NULL),
(19, 22, 'GLASS CHIPPED', '2018-04-20 21:17:47', NULL),
(20, 23, 'GLASS SCRATCHED', '2018-04-20 21:17:47', NULL),
(21, 24, 'MARKER LIGHT/ADDITIONAL TURN LIGHT DAMAGE', '2018-04-20 21:17:47', NULL),
(22, 25, 'DECAL/PAINT STRIPE DAMAGED', '2018-04-20 21:17:47', NULL),
(23, 29, 'CONTAMINATION, EXTERIOR', '2018-04-20 21:17:47', NULL),
(24, 30, 'FLUID SPILLAGE, EXTERIOR', '2018-04-20 21:17:47', NULL),
(25, 34, 'CHIPPED PANEL EDGE', '2018-04-20 21:17:47', NULL),
(26, 36, 'INCORRECT PART OR OPTION NOT AS INVOICED', '2018-04-20 21:17:47', NULL),
(27, 37, 'HARDWARE – DAMAGED', '2018-04-20 21:17:47', NULL),
(28, 38, 'HARDWARE – LOOSE, MISSING', '2018-04-20 21:17:47', NULL);

--
-- Volcado de datos para la tabla `damage_areas`
--

INSERT INTO `damage_areas` (`id`, `number`, `name`, `created_at`, `updated_at`) VALUES
(1, 1, 'ANTENNA/ANTENNA BASE', '2018-04-20 21:17:59', NULL),
(2, 2, 'BATTERY/BOX', '2018-04-20 21:17:59', NULL),
(3, 3, 'BUMPER/COVER/EXT-FRONT', '2018-04-20 21:17:59', NULL),
(4, 4, 'BUMPER/COVER/EXT-REAR', '2018-04-20 21:17:59', NULL),
(5, 5, 'BUMPER GUARD/STRIP-FRONT', '2018-04-20 21:17:59', NULL),
(6, 6, 'BUMPER GUARD/STRIP-REAR', '2018-04-20 21:17:59', NULL),
(7, 7, 'DOOR-BACK CARGO, RIGHT', '2018-04-20 21:17:59', NULL),
(8, 8, 'DOOR-BACK CARGO, LEFT', '2018-04-20 21:17:59', NULL),
(9, 9, 'DOOR, SIDE CARCO', '2018-04-20 21:17:59', NULL),
(10, 10, 'DOOR-LEFT FRONT', '2018-04-20 21:17:59', NULL),
(11, 11, 'DOOR-LEFT REAR', '2018-04-20 21:17:59', NULL),
(12, 12, 'DOOR-RIGHT FRONT', '2018-04-20 21:17:59', NULL),
(13, 13, 'DOOR-RIGHT REAR', '2018-04-20 21:17:59', NULL),
(14, 14, 'FENDER-LEFT FRONT', '2018-04-20 21:17:59', NULL),
(15, 15, 'QUARTER PANEL/PICK-UP BOX-LEFT', '2018-04-20 21:17:59', NULL),
(16, 16, 'FENDER-RIGHT FRONT', '2018-04-20 21:17:59', NULL),
(17, 17, 'QUARTER PANEL/PICK-UP BOX -RIGHT', '2018-04-20 21:17:59', NULL),
(18, 18, 'FRONT FLOOR MATS', '2018-04-20 21:17:59', NULL),
(19, 19, 'FLOOR MATS REAR', '2018-04-20 21:17:59', NULL),
(20, 20, 'GLASS WINDSHIELD', '2018-04-20 21:17:59', NULL),
(21, 21, 'GLASS REAR', '2018-04-20 21:17:59', NULL),
(22, 22, 'GRILLE', '2018-04-20 21:17:59', NULL),
(23, 23, 'ACCESSORY BAG / BOX', '2018-04-20 21:17:59', NULL),
(24, 24, 'HEADLIGHT/COVER/TURN SIGNAL', '2018-04-20 21:17:59', NULL),
(25, 25, 'LAMPS-FOG/DRIVING/SPOT LIGHT', '2018-04-20 21:17:59', NULL),
(26, 26, 'HEADLINER', '2018-04-20 21:17:59', NULL),
(27, 27, 'HOOD', '2018-04-20 21:17:59', NULL),
(28, 28, 'KEYS', '2018-04-20 21:17:59', NULL),
(29, 29, 'KEYLESS REMOTE', '2018-04-20 21:17:59', NULL),
(30, 30, 'MIRROR-OUTSIDE LEFT', '2018-04-20 21:17:59', NULL),
(31, 31, 'MIRROR-OUTSIDE RIGHT', '2018-04-20 21:17:59', NULL),
(32, 32, 'OPEN', '2018-04-20 21:17:59', NULL),
(33, 33, 'AUDIO/VIDEO PLAYER', '2018-04-20 21:17:59', NULL),
(34, 34, 'TV/DVD SCREEN', '2018-04-20 21:17:59', NULL),
(35, 35, 'ROCKER PANEL/OUTER SILL – LEFT', '2018-04-20 21:17:59', NULL),
(36, 36, 'ROCKER PANEL/OUTER SILL – RIGHT', '2018-04-20 21:17:59', NULL),
(37, 37, 'ROOF', '2018-04-20 21:17:59', NULL),
(38, 38, 'RUNNING BOARD/STEP – LEFT', '2018-04-20 21:17:59', NULL),
(39, 39, 'RUNNING BOARD/STEP – RIGHT', '2018-04-20 21:17:59', NULL),
(40, 40, 'SPARE TIRE/WHEEL', '2018-04-20 21:17:59', NULL),
(41, 41, 'OPEN', '2018-04-20 21:17:59', NULL),
(42, 42, 'SPLASH PANEL/SPOILER – FRONT', '2018-04-20 21:17:59', NULL),
(43, 43, 'OPEN', '2018-04-20 21:17:59', NULL),
(44, 44, 'GAS TANK', '2018-04-20 21:17:59', NULL),
(45, 45, 'TAIL LIGHT / HARDWARE', '2018-04-20 21:17:59', NULL),
(46, 46, 'OPEN', '2018-04-20 21:17:59', NULL),
(47, 47, 'OPEN', '2018-04-20 21:17:59', NULL),
(48, 48, 'TRIM PANEL-FRONT LEFT', '2018-04-20 21:17:59', NULL),
(49, 49, 'CD CHANGER SEPARATE UNIT', '2018-04-20 21:17:59', NULL),
(50, 50, 'TRIM PANEL-FRONT RIGHT', '2018-04-20 21:17:59', NULL),
(51, 51, 'OPEN', '2018-04-20 21:17:59', NULL),
(52, 52, 'DECK LID/TAILGATE/HATCHBACK', '2018-04-20 21:17:59', NULL),
(53, 53, 'SUNROOF/T-TOP', '2018-04-20 21:17:59', NULL),
(54, 54, 'UNDERCARRIAGE-OTHER', '2018-04-20 21:17:59', NULL),
(55, 55, 'CARGO AREA-OTHER', '2018-04-20 21:17:59', NULL),
(56, 56, 'VINYL/CONVERTIBLE TOP/TONNEAU COVER', '2018-04-20 21:17:59', NULL),
(57, 57, 'WHEEL COVERS/CAPS/RINGS', '2018-04-20 21:17:59', NULL),
(58, 58, 'RADIO SPEAKERS', '2018-04-20 21:17:59', NULL),
(59, 59, 'WIPERS, ALL', '2018-04-20 21:17:59', NULL),
(60, 60, 'OPEN', '2018-04-20 21:17:59', NULL),
(61, 61, 'BOX INTERIOR, PICKUP', '2018-04-20 21:17:59', NULL),
(62, 62, 'OPEN', '2018-04-20 21:17:59', NULL),
(63, 63, 'RAILS/ TRUCKBED/LIGHTBAR', '2018-04-20 21:17:59', NULL),
(64, 64, 'SPOILER/DEFLECTOR REAR', '2018-04-20 21:17:59', NULL),
(65, 65, 'LUGGAGE RACK (STRIPS) / DRIP RAIL', '2018-04-20 21:17:59', NULL),
(66, 66, 'DASH/INSTRUMENT PANEL', '2018-04-20 21:17:59', NULL),
(67, 67, 'CIGARETTE LIGHTER/ASHTRAY', '2018-04-20 21:17:59', NULL),
(68, 68, 'CARPET-FRONT', '2018-04-20 21:17:59', NULL),
(69, 69, 'CENTER POST, RIGHT', '2018-04-20 21:17:59', NULL),
(70, 70, 'CENTER POST LEFT', '2018-04-20 21:17:59', NULL),
(71, 71, 'CORNER POST', '2018-04-20 21:17:59', NULL),
(72, 72, 'LEFT FRONT TIRE', '2018-04-20 21:17:59', NULL),
(73, 73, 'LEFT FRONT WHEEL/RIM', '2018-04-20 21:17:59', NULL),
(74, 74, 'LEFT REAR TIRE', '2018-04-20 21:17:59', NULL),
(75, 75, 'LEFT REAR WHEEL/RIM', '2018-04-20 21:17:59', NULL),
(76, 76, 'RIGHT REAR TIRE', '2018-04-20 21:17:59', NULL),
(77, 77, 'RIGHT REAR WHEEL/RIM', '2018-04-20 21:17:59', NULL),
(78, 78, 'RIGHT FRONT TIRE', '2018-04-20 21:17:59', NULL),
(79, 79, 'RIGHT FRONT WHEEL/RIM', '2018-04-20 21:17:59', NULL),
(80, 80, 'COWL', '2018-04-20 21:17:59', NULL),
(81, 81, 'GAS/CAP COVER', '2018-04-20 21:17:59', NULL),
(82, 82, 'FENDER-REAR LEFT', '2018-04-20 21:17:59', NULL),
(83, 83, 'FENDER-REAR RIGHT', '2018-04-20 21:17:59', NULL),
(84, 84, 'TOOLS/JACKS/SPARE-TIRE MOUNT + LOCK', '2018-04-20 21:17:59', NULL),
(85, 85, 'COMMUNICATION/GPS UNIT', '2018-04-20 21:17:59', NULL),
(86, 86, 'PARKING SONAR SYSTEM', '2018-04-20 21:17:59', NULL),
(87, 87, 'OPEN', '2018-04-20 21:17:59', NULL),
(88, 88, 'OPEN', '2018-04-20 21:17:59', NULL),
(89, 89, 'TRAILER HITCH, WIRING HARNESS, TOW HOOKS', '2018-04-20 21:17:59', NULL),
(90, 90, 'FRAME', '2018-04-20 21:17:59', NULL),
(91, 91, 'EXHAUST SYSTEM', '2018-04-20 21:17:59', NULL),
(92, 92, 'LICENSE-BRACKET', '2018-04-20 21:17:59', NULL),
(93, 93, 'STEERING WHEEL/ AIRBAG', '2018-04-20 21:17:59', NULL),
(94, 94, 'SEAT-FRONT LEFT', '2018-04-20 21:17:59', NULL),
(95, 95, 'SEAT-FRONT RIGHT', '2018-04-20 21:17:59', NULL),
(96, 96, 'SEAT-REAR', '2018-04-20 21:17:59', NULL),
(97, 97, 'CARPET-REAR', '2018-04-20 21:17:59', NULL),
(98, 98, 'INTERIOR OTHER', '2018-04-20 21:17:59', NULL),
(99, 99, 'ENGINE COMPARTMENT-OTHER', '2018-04-20 21:17:59', NULL),
(100, 0, 'N/A', '2018-04-24 04:06:48', NULL);

--
-- Volcado de datos para la tabla `damage_orders`
--

INSERT INTO `damage_orders` (`id`, `idOrder`, `idDamageArea`, `idDamage`, `created_at`, `updated_at`) VALUES
(1, 1, 4, 7, '2018-04-22 01:16:46', '2018-04-22 01:16:46'),
(2, 2, 31, 12, '2018-04-22 01:16:46', '2018-04-22 01:16:46'),
(3, 3, 20, 18, '2018-04-22 01:16:46', '2018-04-22 01:16:46'),
(4, 4, 98, 8, '2018-04-22 01:16:46', '2018-04-22 01:16:46'),
(5, 5, 12, 18, '2018-04-22 01:16:46', '2018-04-22 01:16:46'),
(6, 6, 16, 9, '2018-04-22 01:16:46', '2018-04-22 01:16:46'),
(7, 7, 97, 8, '2018-04-22 01:16:46', '2018-04-22 01:16:46'),
(8, 8, 7, 7, '2018-04-22 01:16:46', '2018-04-22 01:16:46'),
(9, 9, 27, 4, '2018-04-22 01:16:46', '2018-04-22 01:16:46'),
(10, 10, 28, 8, '2018-04-22 01:16:46', '2018-04-22 01:16:46'),
(11, 11, 3, 12, '2018-04-22 01:16:46', '2018-04-22 01:16:46'),
(12, 12, 71, 27, '2018-04-22 01:16:46', '2018-04-22 01:16:46'),
(13, 13, 11, 4, '2018-04-22 01:16:46', '2018-04-22 01:16:46'),
(14, 14, 37, 4, '2018-04-22 01:16:46', '2018-04-22 01:16:46'),
(15, 15, 52, 4, '2018-04-22 01:16:46', '2018-04-22 01:16:46'),
(16, 16, 27, 4, '2018-04-22 01:16:46', '2018-04-22 01:16:46'),
(17, 17, 40, 8, '2018-04-22 01:16:46', '2018-04-22 01:16:46'),
(18, 18, 4, 7, '2018-04-22 01:16:46', '2018-04-22 01:16:46'),
(19, 19, 71, 27, '2018-04-22 01:16:46', '2018-04-22 01:16:46'),
(20, 20, 43, 7, '2018-04-22 01:16:46', '2018-04-22 01:16:46'),
(21, 21, 3, 4, '2018-04-22 01:16:46', '2018-04-22 01:16:46'),
(22, 22, 3, 11, '2018-04-22 01:16:46', '2018-04-22 01:16:46'),
(23, 23, 3, 9, '2018-04-22 01:16:46', '2018-04-22 01:16:46'),
(24, 24, 10, 4, '2018-04-22 01:16:46', '2018-04-22 01:16:46'),
(25, 25, 84, 8, '2018-04-22 01:16:46', '2018-04-22 01:16:46'),
(26, 26, 84, 8, '2018-04-22 01:16:46', '2018-04-22 01:16:46'),
(27, 27, 84, 8, '2018-04-22 01:16:46', '2018-04-22 01:16:46'),
(28, 28, 45, 2, '2018-04-22 01:16:46', '2018-04-22 01:16:46'),
(29, 29, 27, 4, '2018-04-22 01:16:46', '2018-04-22 01:16:46'),
(30, 30, 52, 6, '2018-04-22 01:16:46', '2018-04-22 01:16:46'),
(31, 31, 40, 8, '2018-04-22 01:16:46', '2018-04-22 01:16:46'),
(32, 32, 35, 4, '2018-04-22 01:16:46', '2018-04-22 01:16:46'),
(33, 33, 3, 9, '2018-04-22 01:16:46', '2018-04-22 01:16:46'),
(34, 34, 20, 2, '2018-04-22 01:16:46', '2018-04-22 01:16:46'),
(35, 35, 82, 14, '2018-04-22 01:16:46', '2018-04-22 01:16:46'),
(36, 36, 27, 13, '2018-04-22 01:16:46', '2018-04-22 01:16:46'),
(37, 37, 20, 17, '2018-04-22 01:16:46', '2018-04-22 01:16:46'),
(38, 38, 21, 18, '2018-04-22 01:16:46', '2018-04-22 01:16:46'),
(39, 39, 3, 9, '2018-04-22 01:16:46', '2018-04-22 01:16:46'),
(40, 40, 3, 7, '2018-04-22 01:16:46', '2018-04-22 01:16:46'),
(41, 41, 3, 12, '2018-04-22 01:16:46', '2018-04-22 01:16:46'),
(42, 42, 3, 9, '2018-04-22 01:16:46', '2018-04-22 01:16:46'),
(43, 43, 83, 13, '2018-04-22 01:16:46', '2018-04-22 01:16:46'),
(44, 44, 20, 18, '2018-04-22 01:16:46', '2018-04-22 01:16:46'),
(45, 45, 27, 4, '2018-04-22 01:16:46', '2018-04-22 01:16:46'),
(46, 46, 11, 11, '2018-04-22 01:16:46', '2018-04-22 01:16:46'),
(47, 47, 42, 12, '2018-04-22 01:16:46', '2018-04-22 01:16:46'),
(48, 48, 3, 5, '2018-04-22 01:16:46', '2018-04-22 01:16:46'),
(49, 49, 3, 5, '2018-04-22 01:16:46', '2018-04-22 01:16:46'),
(50, 50, 4, 5, '2018-04-22 01:16:46', '2018-04-22 01:16:46'),
(51, 51, 3, 5, '2018-04-22 01:16:46', '2018-04-22 01:16:46'),
(52, 52, 5, 5, '2018-04-22 01:16:46', '2018-04-22 01:16:46'),
(53, 53, 4, 9, '2018-04-22 01:16:46', '2018-04-22 01:16:46'),
(54, 54, 27, 4, '2018-04-22 01:16:46', '2018-04-22 01:16:46'),
(55, 55, 4, 7, '2018-04-22 01:16:46', '2018-04-22 01:16:46'),
(56, 56, 13, 7, '2018-04-22 01:16:46', '2018-04-22 01:16:46'),
(57, 57, 36, 7, '2018-04-22 01:16:46', '2018-04-22 01:16:46'),
(58, 58, 3, 9, '2018-04-22 01:16:46', '2018-04-22 01:16:46'),
(59, 59, 10, 5, '2018-04-22 01:16:46', '2018-04-22 01:16:46'),
(60, 60, 27, 4, '2018-04-22 01:16:46', '2018-04-22 01:16:46'),
(61, 61, 27, 4, '2018-04-22 01:16:46', '2018-04-22 01:16:46'),
(62, 62, 27, 7, '2018-04-22 01:16:46', '2018-04-22 01:16:46'),
(63, 63, 14, 12, '2018-04-22 01:16:46', '2018-04-22 01:16:46'),
(64, 64, 12, 12, '2018-04-22 01:16:46', '2018-04-22 01:16:46'),
(65, 65, 28, 8, '2018-04-22 01:16:46', '2018-04-22 01:16:46'),
(66, 66, 29, 8, '2018-04-22 01:16:46', '2018-04-22 01:16:46'),
(67, 67, 4, 9, '2018-04-22 01:16:46', '2018-04-22 01:16:46'),
(68, 68, 3, 5, '2018-04-22 01:16:46', '2018-04-22 01:16:46'),
(69, 69, 45, 5, '2018-04-22 01:16:46', '2018-04-22 01:16:46'),
(70, 70, 3, 5, '2018-04-22 01:16:46', '2018-04-22 01:16:46'),
(71, 71, 3, 5, '2018-04-22 01:16:46', '2018-04-22 01:16:46'),
(72, 72, 10, 4, '2018-04-22 01:16:46', '2018-04-22 01:16:46'),
(73, 73, 3, 9, '2018-04-22 01:16:46', '2018-04-22 01:16:46'),
(74, 74, 35, 7, '2018-04-22 01:16:46', '2018-04-22 01:16:46'),
(75, 75, 52, 14, '2018-04-22 01:16:46', '2018-04-22 01:16:46'),
(76, 76, 37, 14, '2018-04-22 01:16:46', '2018-04-22 01:16:46'),
(77, 77, 30, 12, '2018-04-22 01:16:46', '2018-04-22 01:16:46'),
(78, 78, 11, 5, '2018-04-22 01:16:46', '2018-04-22 01:16:46'),
(79, 79, 12, 4, '2018-04-22 01:16:46', '2018-04-22 01:16:46'),
(80, 80, 4, 27, '2018-04-22 01:16:46', '2018-04-22 01:16:46'),
(81, 81, 3, 7, '2018-04-22 01:16:46', '2018-04-22 01:16:46'),
(82, 82, 4, 7, '2018-04-22 01:16:46', '2018-04-22 01:16:46'),
(83, 83, 28, 8, '2018-04-22 01:16:46', '2018-04-22 01:16:46'),
(84, 84, 16, 2, '2018-04-22 01:16:46', '2018-04-22 01:16:46'),
(85, 85, 20, 17, '2018-04-22 01:16:46', '2018-04-22 01:16:46'),
(86, 86, 3, 2, '2018-04-22 01:16:46', '2018-04-22 01:16:46'),
(87, 87, 24, 5, '2018-04-22 01:16:46', '2018-04-22 01:16:46'),
(88, 88, 3, 5, '2018-04-22 01:16:46', '2018-04-22 01:16:46'),
(89, 89, 4, 7, '2018-04-22 01:16:46', '2018-04-22 01:16:46'),
(90, 90, 3, 5, '2018-04-22 01:16:46', '2018-04-22 01:16:46'),
(91, 91, 21, 18, '2018-04-22 01:16:46', '2018-04-22 01:16:46'),
(92, 92, 3, 9, '2018-04-22 01:16:46', '2018-04-22 01:16:46'),
(93, 93, 3, 9, '2018-04-22 01:16:46', '2018-04-22 01:16:46'),
(94, 94, 3, 9, '2018-04-22 01:16:46', '2018-04-22 01:16:46'),
(95, 95, 3, 5, '2018-04-22 01:16:46', '2018-04-22 01:16:46'),
(96, 96, 45, 2, '2018-04-22 01:16:46', '2018-04-22 01:16:46'),
(97, 97, 27, 2, '2018-04-22 01:16:46', '2018-04-22 01:16:46'),
(98, 98, 3, 5, '2018-04-22 01:16:46', '2018-04-22 01:16:46'),
(99, 99, 20, 6, '2018-04-24 04:07:42', '2018-04-24 04:07:42'),
(100, 100, 10, 5, '2018-04-24 04:07:42', '2018-04-24 04:07:42'),
(101, 101, 3, 7, '2018-04-24 04:07:42', '2018-04-24 04:07:42'),
(102, 102, 3, 7, '2018-04-24 04:07:42', '2018-04-24 04:07:42'),
(103, 103, 10, 28, '2018-04-24 04:07:42', '2018-04-24 04:07:42'),
(104, 104, 12, 24, '2018-04-24 04:07:42', '2018-04-24 04:07:42'),
(105, 105, 12, 24, '2018-04-24 04:07:42', '2018-04-24 04:07:42'),
(106, 106, 12, 24, '2018-04-24 04:07:42', '2018-04-24 04:07:42'),
(107, 107, 12, 24, '2018-04-24 04:07:42', '2018-04-24 04:07:42'),
(108, 108, 20, 18, '2018-04-24 04:07:42', '2018-04-24 04:07:42'),
(109, 109, 3, 5, '2018-04-24 04:07:42', '2018-04-24 04:07:42'),
(110, 110, 42, 5, '2018-04-24 04:07:42', '2018-04-24 04:07:42'),
(111, 111, 11, 9, '2018-04-24 04:07:42', '2018-04-24 04:07:42'),
(112, 112, 20, 17, '2018-04-24 04:07:42', '2018-04-24 04:07:42'),
(113, 113, 52, 7, '2018-04-24 04:07:42', '2018-04-24 04:07:42'),
(114, 114, 29, 8, '2018-04-24 04:07:42', '2018-04-24 04:07:42'),
(115, 115, 17, 7, '2018-04-24 04:07:42', '2018-04-24 04:07:42'),
(116, 116, 10, 5, '2018-04-24 04:07:42', '2018-04-24 04:07:42'),
(117, 117, 4, 9, '2018-04-24 04:07:42', '2018-04-24 04:07:42'),
(118, 118, 71, 7, '2018-04-24 04:07:42', '2018-04-24 04:07:42'),
(119, 119, 89, 6, '2018-04-24 04:07:42', '2018-04-24 04:07:42'),
(120, 120, 48, 13, '2018-04-24 04:07:42', '2018-04-24 04:07:42'),
(121, 121, 74, 13, '2018-04-24 04:07:42', '2018-04-24 04:07:42'),
(122, 122, 43, 13, '2018-04-24 04:07:42', '2018-04-24 04:07:42'),
(123, 123, 7, 5, '2018-04-24 04:07:42', '2018-04-24 04:07:42'),
(124, 124, 12, 5, '2018-04-24 04:07:42', '2018-04-24 04:07:42'),
(125, 125, 4, 5, '2018-04-24 04:07:42', '2018-04-24 04:07:42'),
(126, 126, 3, 2, '2018-04-24 04:07:42', '2018-04-24 04:07:42'),
(127, 127, 3, 2, '2018-04-24 04:07:42', '2018-04-24 04:07:42'),
(128, 128, 90, 12, '2018-04-24 04:07:42', '2018-04-24 04:07:42'),
(129, 129, 10, 4, '2018-04-24 04:07:42', '2018-04-24 04:07:42'),
(130, 130, 100, 1, '2018-04-24 04:07:42', '2018-04-24 04:07:42'),
(131, 131, 15, 12, '2018-04-24 04:07:42', '2018-04-24 04:07:42'),
(132, 132, 27, 4, '2018-04-24 04:07:42', '2018-04-24 04:07:42'),
(133, 133, 37, 7, '2018-04-24 04:07:42', '2018-04-24 04:07:42'),
(134, 134, 3, 9, '2018-04-24 04:07:42', '2018-04-24 04:07:42'),
(135, 135, 3, 9, '2018-04-24 04:07:42', '2018-04-24 04:07:42'),
(136, 136, 29, 8, '2018-04-24 04:07:42', '2018-04-24 04:07:42'),
(137, 137, 5, 5, '2018-04-24 04:07:42', '2018-04-24 04:07:42'),
(138, 138, 64, 5, '2018-04-24 04:07:42', '2018-04-24 04:07:42'),
(139, 139, 27, 7, '2018-04-24 04:07:42', '2018-04-24 04:07:42'),
(140, 140, 3, 9, '2018-04-24 04:07:42', '2018-04-24 04:07:42'),
(141, 141, 3, 7, '2018-04-24 04:07:42', '2018-04-24 04:07:42'),
(142, 142, 3, 7, '2018-04-24 04:07:42', '2018-04-24 04:07:42'),
(143, 143, 42, 5, '2018-04-24 04:07:42', '2018-04-24 04:07:42'),
(144, 144, 4, 9, '2018-04-24 04:07:42', '2018-04-24 04:07:42'),
(145, 145, 4, 4, '2018-04-29 22:18:33', '2018-04-29 22:18:33'),
(146, 146, 4, 6, '2018-04-29 22:18:33', '2018-04-29 22:18:33'),
(147, 147, 22, 7, '2018-04-29 22:18:33', '2018-04-29 22:18:33'),
(148, 148, 98, 8, '2018-04-29 22:18:33', '2018-04-29 22:18:33'),
(149, 149, 10, 5, '2018-04-29 22:18:33', '2018-04-29 22:18:33'),
(150, 150, 4, 5, '2018-04-29 22:18:33', '2018-04-29 22:18:33'),
(151, 151, 2, 8, '2018-04-29 22:18:33', '2018-04-29 22:18:33'),
(152, 152, 13, 25, '2018-04-29 22:18:33', '2018-04-29 22:18:33'),
(153, 153, 6, 7, '2018-04-29 22:18:33', '2018-04-29 22:18:33'),
(154, 154, 4, 12, '2018-04-29 22:18:33', '2018-04-29 22:18:33'),
(155, 155, 12, 12, '2018-04-29 22:18:33', '2018-04-29 22:18:33'),
(156, 156, 16, 12, '2018-04-29 22:18:33', '2018-04-29 22:18:33'),
(157, 157, 27, 12, '2018-04-29 22:18:33', '2018-04-29 22:18:33'),
(158, 158, 27, 9, '2018-04-29 22:18:33', '2018-04-29 22:18:33'),
(159, 159, 40, 8, '2018-04-29 22:18:33', '2018-04-29 22:18:33'),
(160, 160, 6, 5, '2018-04-29 22:18:33', '2018-04-29 22:18:33'),
(161, 161, 11, 12, '2018-04-29 22:18:33', '2018-04-29 22:18:33'),
(162, 162, 5, 3, '2018-04-29 22:18:33', '2018-04-29 22:18:33'),
(163, 163, 5, 3, '2018-04-29 22:18:33', '2018-04-29 22:18:33'),
(164, 164, 5, 10, '2018-04-29 22:18:33', '2018-04-29 22:18:33'),
(165, 165, 5, 9, '2018-07-02 23:38:47', '2018-07-02 23:38:47');

--
-- Volcado de datos para la tabla `dealers`
--

INSERT INTO `dealers` (`id`, `commercial_name`, `rfc`, `business_name`, `idUsuario`, `status`, `created_at`, `updated_at`) VALUES
(1, 'KIA AEROPUERTO', 'KMO141215B19', 'KURE MOTORS S.A. DE C.V. ', 1, 1, '2018-04-20 20:58:56', '2018-04-20 20:58:56'),
(2, 'KIA AHOME', 'APA150602688', 'AUTOS PREMIER DE ASIA S.A. DE C.V.', 2, 1, '2018-04-20 20:58:56', '2018-04-20 20:58:56'),
(3, 'KIA ALTARIA', 'VKX150720 4SA', 'VANAUTO K S.A. DE C.V', 3, 1, '2018-04-20 20:58:56', '2018-04-20 20:58:56'),
(4, 'KIA ALTAS MONTAÑAS', 'VKX1507167L9', 'VEHÍCULOS KOREANOS DE XALAPA S.A. DE C.V. ', 4, 1, '2018-04-20 20:58:56', '2018-04-20 20:58:56'),
(5, 'KIA ANGELOPOLIS', 'CC0150129ME8', 'CALIDAD COREANA S.A. DE C.V. ', 5, 1, '2018-04-20 20:58:56', '2018-04-20 20:58:56'),
(6, 'KIA ANIMAS', 'VKX1507167L9', 'VEHÍCULOS KOREANOS DE XALAPA S.A. DE C.V. ', 6, 1, '2018-04-20 20:58:57', '2018-04-20 20:58:57'),
(7, 'KIA AVENIDA', 'ICO7404276B0', 'GT MOTORS KOREA S.A. DE C.V.', 7, 1, '2018-04-20 20:58:57', '2018-04-20 20:58:57'),
(8, 'KIA BAHIA', 'ADI160224CZ6', 'AUTOMOTORES DIMER S.A. DE C.V. ', 8, 1, '2018-04-20 20:58:57', '2018-04-20 20:58:57'),
(9, 'KIA BAJIO', 'ALE150803490', 'AIK LEON S.A. DE C.V. ', 9, 1, '2018-04-20 20:58:57', '2018-04-20 20:58:57'),
(10, 'KIA BERNARDEZ', 'GCA160215RM6', 'GRUPO CALETTO AUTOMOTRIZ DE ZACATECAS S.A. DE C.V. ', 10, 1, '2018-04-20 20:58:57', '2018-04-20 20:58:57'),
(11, 'KIA BOCA', 'CMG150115PZ8', 'COREA MOTORS DEL GOLFO S.A. DE C.V. ', 11, 1, '2018-04-20 20:58:57', '2018-04-20 20:58:57'),
(12, 'KIA BONAMPAK', 'IPA150605LB3', 'IMPULSORA PENINSULAR AUTOMOTRIZ S.A. DE C.V.', 12, 1, '2018-04-20 20:58:57', '2018-04-20 20:58:57'),
(13, 'KIA CABOS', 'APA150602688', 'AUTOS PREMIER DE ASIA S.A. DE C.V.', 13, 1, '2018-04-20 20:58:57', '2018-04-20 20:58:57'),
(14, 'KIA CAJEME', 'APA150602688', 'AUTOS PREMIER DE ASIA S.A. DE C.V.', 14, 1, '2018-04-20 20:58:57', '2018-04-20 20:58:57'),
(15, 'KIA CAMPESTRE', 'GCA150706JP4', 'GRUPO CALETTO AUTOMOTRIZ ORIENTAL DEL BAJIO S.A. DE C.V.', 15, 1, '2018-04-20 20:58:57', '2018-04-20 20:58:57'),
(16, 'KIA CAPITAL', 'GGU170322Q60', 'GP GUANAJUATO S.A DE C.V', 16, 1, '2018-04-20 20:58:57', '2018-04-20 20:58:57'),
(17, 'KIA CARRETERA 57', 'DAO141209TI2', 'DALTON AUTOS DE ORIENTE SLP S.A. DE C.V. ', 17, 1, '2018-04-20 20:58:57', '2018-04-20 20:58:57'),
(18, 'KIA CARRETERA NACIONAL', 'ASC170308IH0', 'AUTO SHOW CARRETERA NACIONAL S.A DE C.V.', 18, 1, '2018-04-20 20:58:57', '2018-04-20 20:58:57'),
(19, 'KIA CENTER', ' AAR150729331', 'AUTOS ARGENTA S.A. DE C.V.', 19, 1, '2018-04-20 20:58:58', '2018-04-20 20:58:58'),
(20, 'KIA COACALCO', 'NAG150617QUA', 'NUEVA AUTOMOTRIZ GK S.A. DE C.V.', 20, 1, '2018-04-20 20:58:58', '2018-04-20 20:58:58'),
(21, 'KIA COAPA', 'APE880223RR5', 'AUTOMOTRIZ PERICOAPA S.A. DE C.V. ', 21, 1, '2018-04-20 20:58:58', '2018-04-20 20:58:58'),
(22, 'KIA COATZA', 'CMG150115PZ8', 'COREA MOTORS DEL GOLFO S.A. DE C.V. ', 22, 1, '2018-04-20 20:58:58', '2018-04-20 20:58:58'),
(23, 'KIA COLIMAN', 'KMO1501087I7', 'KUMI MOTORS S.A. DE C.V.', 23, 1, '2018-04-20 20:58:58', '2018-04-20 20:58:58'),
(24, 'KIA CORREGIDORA', 'VKX1507204SA', 'VANAUTO K S.A. DE C.V.', 24, 1, '2018-04-20 20:58:58', '2018-04-20 20:58:58'),
(25, 'KIA COUNTRY', 'APA150602688', 'AUTOS PREMIER DE ASIA S.A. DE C.V. ', 25, 1, '2018-04-20 20:58:58', '2018-04-20 20:58:58'),
(26, 'KIA CUAUTITLAN', 'KAU150417A34', 'KAPPA AUTOMOTRIZ S.A. DE C.V.', 26, 1, '2018-04-20 20:58:58', '2018-04-20 20:58:58'),
(27, 'KIA CUMBRES', 'RMO150624FJ4', 'RELEVANCIA MOTRIZ S.A. DE C.V. ', 27, 1, '2018-04-20 20:58:58', '2018-04-20 20:58:58'),
(28, 'KIA DEL DUERO', NULL, 'FAME MOTORS  S.A. DE C.V.', 28, 1, '2018-04-20 20:58:58', '2018-04-20 20:58:58'),
(29, 'KIA DEL VALLE', 'TAU150219F43', 'LEYENDA MOTORS S.A. DE C.V. ', 29, 1, '2018-04-20 20:58:58', '2018-04-20 20:58:58'),
(30, 'KIA DIAMANTE', 'TAA160407IH6', 'TRASCENDENCIA AUTOMOTRIZ DE ACAPULCO S.A. DE C.V.', 30, 1, '2018-04-20 20:58:58', '2018-04-20 20:58:58'),
(31, 'KIA ECATEPEC', 'NAG150617QUA', 'NUEVA AUTOMOTRIZ GK S.A. DE C.V.', 31, 1, '2018-04-20 20:58:58', '2018-04-20 20:58:58'),
(32, 'KIA ESMERALDA', 'AKS141209PC0', 'ALDEN K SATELITE S.A. DE C.V. ', 32, 1, '2018-04-20 20:58:59', '2018-04-20 20:58:59'),
(33, 'KIA FRONTERA', 'CUA021025AX4', 'C1 ALEMANA S.A. DE C.V.', 33, 1, '2018-04-20 20:58:59', '2018-04-20 20:58:59'),
(34, 'KIA FUTURA', 'IMO150511PX7', 'INNOVACIÓN MOTORS S.A. DE C.V. ', 34, 1, '2018-04-20 20:58:59', '2018-04-20 20:58:59'),
(35, 'KIA GALERIAS', 'KM0150108-717', 'KUMI MOTORS S.A. DE C.V. ', 35, 1, '2018-04-20 20:58:59', '2018-04-20 20:58:59'),
(36, 'KIA GONZALEZ GALLO', 'KMO1501087I7', 'KUMI MOTORS S.A. DE C.V.', 36, 1, '2018-04-20 20:58:59', '2018-04-20 20:58:59'),
(37, 'KIA GONZALITOS', 'CUA021025AX4', 'C1 ALEMANA S.A. DE C.V. ', 37, 1, '2018-04-20 20:58:59', '2018-04-20 20:58:59'),
(38, 'KIA GUADIANA', ' CAU160222PJ6', 'COMARCANA AUTOMOTRIZ S.A. DE C.V. ', 38, 1, '2018-04-20 20:58:59', '2018-04-20 20:58:59'),
(39, 'KIA INNOVA', 'IM0150511-PX7', 'INNOVACIÓN MOTORS S.A. DE C.V. ', 39, 1, '2018-04-20 20:58:59', '2018-04-20 20:58:59'),
(40, 'KIA INTERLOMAS', 'EUR020306CK4', 'AUTOS DE COREA S.A. DE C.V. ', 40, 1, '2018-04-20 20:58:59', '2018-04-20 20:58:59'),
(41, 'KIA IZTAPALAPA', ' EUR020306CK4', 'AUTOS DE COREA S.A. DE C.V. ', 41, 1, '2018-04-20 20:58:59', '2018-04-20 20:58:59'),
(42, 'KIA JUAREZ', 'AKJ150703PH6', 'ALDEN K JUAREZ  S.A. DE C.V.', 42, 1, '2018-04-20 20:58:59', '2018-04-20 20:58:59'),
(43, 'KIA JUVENTUD', 'HAU150126 4X2', 'HGK AUTOMOTRIZ S.A. DE C.V. ', 43, 1, '2018-04-20 20:58:59', '2018-04-20 20:58:59'),
(44, 'KIA LAGUNA', 'FMO150519HR6', 'FORTALEZA MOTORS S.A. DE C.V.', 44, 1, '2018-04-20 20:58:59', '2018-04-20 20:58:59'),
(45, 'KIA LAREDO', 'CUA021025AX4', 'C1 ALEMANA S.A. DE C.V.', 45, 1, '2018-04-20 20:58:59', '2018-04-20 20:58:59'),
(46, 'KIA LINDA VISTA', 'CUA021025AX4', 'C1 ALEMANA S.A. DE C.V. ', 46, 1, '2018-04-20 20:59:00', '2018-04-20 20:59:00'),
(47, 'KIA LOMAS', 'GCA170224U42', 'GRUPO CALETTO AUTOMOTRIZ ORIENTAL DE SAN LUIS S.A. DE C.V.', 47, 1, '2018-04-20 20:59:00', '2018-04-20 20:59:00'),
(48, 'KIA LOMAS VERDES', ' CEC141211E96', 'CEVER ECHEGARRAY S.A. DE C.V. ', 48, 1, '2018-04-20 20:59:00', '2018-04-20 20:59:00'),
(49, 'KIA LOPEZ MATEOS', 'DAO141126SD1', 'DALTON AUTOS DE ORIENTE GDL S.A. DE C.V. ', 49, 1, '2018-04-20 20:59:00', '2018-04-20 20:59:00'),
(50, 'KIA MALINCHE', 'CCO150129ME8', 'CALIDAD COREANA S.A. DE C.V.', 50, 1, '2018-04-20 20:59:00', '2018-04-20 20:59:00'),
(51, 'KIA MANANTIAL', 'CCO150129ME8', 'CALIDAD COREANA S.A. DE C.V.', 51, 1, '2018-04-20 20:59:00', '2018-04-20 20:59:00'),
(52, 'KIA MARIANO ESCOBEDO', ' DAO150421LB8', 'DALTON AUTOS DE ORIENTE DF S.A. DE C.V. ', 52, 1, '2018-04-20 20:59:00', '2018-04-20 20:59:00'),
(53, 'KIA MAX', 'RMO150624FJ4', 'RELEVANCIA MOTRIZ S.A. DE C.V.', 53, 1, '2018-04-20 20:59:00', '2018-04-20 20:59:00'),
(54, 'KIA METEPEC', ' CEC141211E96', 'CEVER ECHEGARAY S.A. DE C.V. ', 54, 1, '2018-04-20 20:59:00', '2018-04-20 20:59:00'),
(55, 'KIA MIL CUMBRES', 'SWM090107L70', 'FAME MOTORS S.A DE C.V. ', 55, 1, '2018-04-20 20:59:00', '2018-04-20 20:59:00'),
(56, 'KIA MORELOS', 'APA150602688', 'AUTOS PREMIER DE ASIA S.A. DE C.V. ', 56, 1, '2018-04-20 20:59:00', '2018-04-20 20:59:00'),
(57, 'KIA NAYARITA', 'KMO1501087I7', 'KUMI MOTORS S.A. DE C.V.', 57, 1, '2018-04-20 20:59:00', '2018-04-20 20:59:00'),
(58, 'KIA NORTE', 'YM0141212-MC6', 'YUCATAN MOTOS S.A. DE C.V. ', 58, 1, '2018-04-20 20:59:00', '2018-04-20 20:59:00'),
(59, 'KIA NOVA QRO', ' AKQ141209NN7', 'ALDEN K QUERETARO S.A. DE C.V. ', 59, 1, '2018-04-20 20:59:01', '2018-04-20 20:59:01'),
(60, 'KIA PACIFIC', 'KMO1501087I7', 'KUMI MOTORS S.A. DE C.V. ', 60, 1, '2018-04-20 20:59:01', '2018-04-20 20:59:01'),
(61, 'KIA PAPE', 'RMO150624FJ4', 'RELEVANCIA MOTRIZ S.A. DE C.V. ', 61, 1, '2018-04-20 20:59:01', '2018-04-20 20:59:01'),
(62, 'KIA PARICUTIN', 'SWM090107L70', 'FAME MOTORS  S.A. DE C.V.', 62, 1, '2018-04-20 20:59:01', '2018-04-20 20:59:01'),
(63, 'KIA PATRIA', 'ASE141209V96', 'AUTOMOTORES SEUL S.A. DE C.V. ', 63, 1, '2018-04-20 20:59:01', '2018-04-20 20:59:01'),
(64, 'KIA PEDREGAL', 'SWM090107L70', 'FAME MOTORS  S.A. DE C.V. ', 64, 1, '2018-04-20 20:59:01', '2018-04-20 20:59:01'),
(65, 'KIA PENINSULA', 'IPA150605LB3', 'IMPULSORA PENINSULAR AUTOMOTRIZ SA DE C.V.', 65, 1, '2018-04-20 20:59:01', '2018-04-20 20:59:01'),
(66, 'KIA PLAYACAR', 'YM0141212-MC6', 'YUCATAN MOTORS S.A. DE C.V. ', 66, 1, '2018-04-20 20:59:01', '2018-04-20 20:59:01'),
(67, 'KIA PLAZA DEL VALLE', 'ASU150525NRA', 'AUTOMOVILES SUMA S.A. DE C.V. ', 67, 1, '2018-04-20 20:59:01', '2018-04-20 20:59:01'),
(68, 'KIA POLIFORUM', 'ARA170314RY9', 'AIK RAL S.A. DE C.V.', 68, 1, '2018-04-20 20:59:01', '2018-04-20 20:59:01'),
(69, 'KIA PRIMAVERA', 'ROU150707O80', 'RILE CUERNAVACA S.A. DE C.V. ', 69, 1, '2018-04-20 20:59:01', '2018-04-20 20:59:01'),
(70, 'KIA RUIZ CORTINES', 'CMG150115PZ8', 'COREA MOTORS DEL GOLFO S.A. DE C.V. ', 70, 1, '2018-04-20 20:59:01', '2018-04-20 20:59:01'),
(71, 'KIA SAN JOAQUIN', ' DAO150421LB8', 'DALTON AUTOS DE ORIENTE DF, S.A. DE C.V.', 71, 1, '2018-04-20 20:59:01', '2018-04-20 20:59:01'),
(72, 'KIA SAN JUAN', 'AKQ141209NN7', 'ALDEN K QUERETARO S.A. DE C.V.', 72, 1, '2018-04-20 20:59:02', '2018-04-20 20:59:02'),
(73, 'KIA SANTA FE', ' IAK1412102I8', 'AUTOS KOREANOS SANTA FE S.A DE C.V.', 73, 1, '2018-04-20 20:59:02', '2018-04-20 20:59:02'),
(74, 'KIA SATELITE', 'AKS141209PC0', 'ALDEN K SATELITE S.A. DE C.V. ', 74, 1, '2018-04-20 20:59:02', '2018-04-20 20:59:02'),
(75, 'KIA SENDERO', 'RMO150624FJ4', 'RELEVANCIA MOTRIZ S.A. DE C.V. ', 75, 1, '2018-04-20 20:59:02', '2018-04-20 20:59:02'),
(76, 'KIA SERDAN', 'ASU150525NRA', 'AUTOMOVILES SUMA S.A. DE C.V.', 76, 1, '2018-04-20 20:59:02', '2018-04-20 20:59:02'),
(77, 'KIA SURESTE', 'CMG150115PZ8', 'COREA MOTORS DEL GOLFO S.A. DE C.V. ', 77, 1, '2018-04-20 20:59:02', '2018-04-20 20:59:02'),
(78, 'KIA TAJIN', 'ICO7404276B0', 'GT MOTORS KOREA S.A. DE C.V.', 78, 1, '2018-04-20 20:59:02', '2018-04-20 20:59:02'),
(79, 'KIA TEXCOCO', 'RTE1703315Y0', 'RILE TEXCOCO S.A. DE C.V. ', 79, 1, '2018-04-20 20:59:02', '2018-04-20 20:59:02'),
(80, 'KIA TLAHUAC', 'ATL170314B84', 'AIK TLAHUAC S.A. DE C.V.', 80, 1, '2018-04-20 20:59:02', '2018-04-20 20:59:02'),
(81, 'KIA VALLARTA', 'ASE141209V96', 'AUTOMOTORES SEUL S.A. DE C.V.', 81, 1, '2018-04-20 20:59:02', '2018-04-20 20:59:02'),
(82, 'KIA VALLE ORIENTE', 'ASS141202-CY2', 'AUTOSHOW LA SILLA S.A. DE C.V. ', 82, 1, '2018-04-20 20:59:02', '2018-04-20 20:59:02'),
(83, 'KIA VALLEJO', 'ASS141202CY2', 'AUTOSHOW NORTE S.A. DE C.V. ', 83, 1, '2018-04-20 20:59:02', '2018-04-20 20:59:02'),
(84, 'KIA VICTORIA', 'ICO7404276B0', 'GT MOTORS KOREA S.A. DE C.V.', 84, 1, '2018-04-20 20:59:02', '2018-04-20 20:59:02'),
(85, 'KIA VILLAS', 'GCA160314GR6', 'GRUPO CALETTO AUTOMOTRIZ DE IRAPUATO S.A. DE C.V.', 85, 1, '2018-04-20 20:59:03', '2018-04-20 20:59:03');

--
-- Volcado de datos para la tabla `migrations`
--

INSERT INTO `migrations` (`id`, `migration`, `batch`) VALUES
(1, '2014_04_08_170548_create_rols_table', 1),
(2, '2014_10_12_000000_create_users_table', 1),
(3, '2014_10_12_100000_create_password_resets_table', 1),
(4, '2018_04_09_181540_create_dealers_table', 1),
(5, '2018_04_09_181929_create_damage_areas_table', 1),
(6, '2018_04_09_182240_create_damages_table', 1),
(7, '2018_04_09_182427_create_car_models_table', 1),
(8, '2018_04_09_184159_create_status_bills_table', 1),
(9, '2018_04_09_213735_create_reason_rejects_table', 1),
(10, '2018_04_09_214058_create_carriers_table', 1),
(11, '2018_04_09_214225_create_account_details_table', 1),
(12, '2018_04_09_214338_create_status_orders_table', 1),
(13, '2018_04_09_214417_create_orders_table', 1),
(14, '2018_04_09_214418_create_order_comments_table', 1),
(15, '2018_04_10_220427_create_sat_bills_table', 1),
(16, '2018_04_10_222528_create_temporal_payments_table', 1),
(17, '2018_04_13_181143_create_damage_orders_table', 1);

--
-- Volcado de datos para la tabla `orders`
--

INSERT INTO `orders` (`id`, `vin`, `idModelo`, `idDealer`, `arrive_date`, `report_date`, `idStatus`, `idReasonReject`, `idCarrier`, `smx_gmx`, `total_amount`, `status`, `created_at`, `updated_at`) VALUES
(1, 'KNDJN2A11J7567299', 1, 71, '2018-01-03', '2018-01-03', 1, 7, 2, 'GLOVIS', 480, 1, '2018-04-22 01:16:46', '2018-04-22 01:16:46'),
(2, 'KNDJP3A40J7559107', 1, 22, '2018-01-03', '2018-01-03', 1, 7, 19, 'GLOVIS', 406, 1, '2018-04-22 01:16:46', '2018-04-22 01:16:46'),
(3, 'KNDPR3NC7J7382433', 2, 1, '2018-01-03', '2018-01-03', 1, 7, 2, 'SOMPO', 14756, 1, '2018-04-22 01:16:46', '2018-04-22 01:16:46'),
(4, '3KPFL4A76JE216688', 3, 31, '2018-01-03', '2018-01-03', 1, 7, 11, 'GLOVIS', 792, 1, '2018-04-22 01:16:46', '2018-04-22 01:16:46'),
(5, '3KPA24AC9JE093639', 4, 50, '2018-01-03', '2018-01-03', 1, 7, 15, 'GLOVIS', 1874, 1, '2018-04-22 01:16:46', '2018-04-22 01:16:46'),
(6, '3KPA34AC9JE082895', 4, 43, '2018-01-03', '2018-01-03', 1, 7, 16, 'SOMPO', 2300, 1, '2018-04-22 01:16:46', '2018-04-22 01:16:46'),
(7, '3KPA35ACXJE075332', 4, 13, '2018-01-04', '2018-01-04', 1, 7, 16, 'GLOVIS', 1570, 1, '2018-04-22 01:16:46', '2018-04-22 01:16:46'),
(8, '5XYPG4A3XJG403411', 5, 56, '2018-01-05', '2018-01-05', 1, 7, 16, 'SOMPO', 6960, 1, '2018-04-22 01:16:46', '2018-04-22 01:16:46'),
(9, '3KPA24AC1JE092369', 4, 77, '2018-01-04', '2018-01-04', 1, 7, 11, 'GLOVIS', 986, 1, '2018-04-22 01:16:46', '2018-04-22 01:16:46'),
(10, 'KNAE55LC3J6019518', 6, 73, '2018-01-20', '2018-01-20', 1, 7, 19, 'SOMPO', 7515, 1, '2018-04-22 01:16:46', '2018-04-22 01:16:46'),
(11, 'KNDJP3A40J7560581', 1, 58, '2018-01-09', '2018-01-09', 1, 7, 21, 'SOMPO', 2900, 1, '2018-04-22 01:16:46', '2018-04-22 01:16:46'),
(12, 'KNDJP3A47J7566751', 1, 58, '2018-01-09', '2018-01-09', 1, 7, 21, 'SOMPO', 2900, 1, '2018-04-22 01:16:46', '2018-04-22 01:16:46'),
(13, '3KPA35AC1JE093069', 4, 66, '2018-01-11', '2018-01-11', 1, 7, 14, 'SOMPO', 3016, 1, '2018-04-22 01:16:46', '2018-04-22 01:16:46'),
(14, '3KPA35AC7JE080472', 4, 9, '2018-01-11', '2018-01-11', 1, 7, 15, 'SOMPO', 4060, 1, '2018-04-22 01:16:46', '2018-04-22 01:16:46'),
(15, '3KPFK4A74JE223545', 3, 9, '2018-01-11', '2018-01-11', 1, 7, 15, 'SOMPO', 14323, 1, '2018-04-22 01:16:46', '2018-04-22 01:16:46'),
(16, '3KPFN4A76JE222260', 3, 41, '2018-01-15', '2018-01-15', 1, 7, 2, 'SOMPO', 3712, 1, '2018-04-22 01:16:46', '2018-04-22 01:16:46'),
(17, '3KPFJ4B73JE222663', 3, 21, '2018-01-03', '2018-01-03', 1, 7, 16, 'SOMPO', 3432, 1, '2018-04-22 01:16:46', '2018-04-22 01:16:46'),
(18, '3KPFL4A79JE222162', 3, 38, '2018-01-06', '2018-01-06', 1, 7, 16, 'SOMPO', 2320, 1, '2018-04-22 01:16:46', '2018-04-22 01:16:46'),
(19, '3KPFK4A77JE228898', 3, 58, '2018-01-23', '2018-01-23', 1, 7, 16, 'SOMPO', 5220, 1, '2018-04-22 01:16:46', '2018-04-22 01:16:46'),
(20, '3KPFK4A7XJE222853', 3, 79, '2018-01-11', '2018-01-11', 1, 7, 2, 'GLOVIS', 1972, 1, '2018-04-22 01:16:46', '2018-04-22 01:16:46'),
(21, 'KNDPN3NA0J7414360', 2, 11, '2018-01-11', '2018-01-11', 1, 7, 6, 'SOMPO', 6960, 1, '2018-04-22 01:16:46', '2018-04-22 01:16:46'),
(22, 'KNDPRCNC6J7415342', 2, 23, '2018-01-22', '2018-01-22', 1, 7, 6, 'SOMPO', 8633, 1, '2018-04-22 01:16:46', '2018-04-22 01:16:46'),
(23, '3KPA25AC2JE075621', 4, 29, '2018-01-12', '2018-01-12', 1, 7, 11, 'GLOVIS', 928, 1, '2018-04-22 01:16:46', '2018-04-22 01:16:46'),
(24, '3KPFL4A72JE222682', 3, 1, '2018-01-12', '2018-01-12', 1, 7, 11, 'SOMPO', 2900, 1, '2018-04-22 01:16:46', '2018-04-22 01:16:46'),
(25, '3KPA34AC9JE094531', 4, 79, '2018-01-25', '2018-01-25', 1, 7, 11, 'SOMPO', 2816, 1, '2018-04-22 01:16:46', '2018-04-22 01:16:46'),
(26, '3KPA24AC3JE094172', 4, 79, '2018-01-25', '2018-01-25', 1, 7, 11, 'SOMPO', 2816, 1, '2018-04-22 01:16:46', '2018-04-22 01:16:46'),
(27, '3KPA24AC0JE094002', 4, 79, '2018-01-25', '2018-01-25', 1, 7, 11, 'SOMPO', 2816, 1, '2018-04-22 01:16:46', '2018-04-22 01:16:46'),
(28, '3KPA24BC3JE096566', 4, 1, '2018-01-20', '2018-01-20', 1, 7, 11, 'GLOVIS', 792, 1, '2018-04-22 01:16:46', '2018-04-22 01:16:46'),
(29, '3KPA35AC5JE094483', 4, 31, '2018-01-14', '2018-01-14', 1, 7, 11, 'SOMPO', 2320, 1, '2018-04-22 01:16:46', '2018-04-22 01:16:46'),
(30, 'KNDPN3NA5J7407842', 2, 29, '2018-01-17', '2018-01-17', 1, 7, 19, 'SOMPO', 5220, 1, '2018-04-22 01:16:46', '2018-04-22 01:16:46'),
(31, '3KPA24BC3JE094459', 4, 11, '2018-01-16', '2018-01-16', 1, 7, 16, 'SOMPO', 6396, 1, '2018-04-22 01:16:46', '2018-04-22 01:16:46'),
(32, '3KPA35AC3JE095339', 4, 49, '2018-01-12', '2018-01-12', 1, 7, 16, 'GLOVIS', 1856, 1, '2018-04-22 01:16:46', '2018-04-22 01:16:46'),
(33, '3KPA24BC0JE091681', 4, 14, '2018-01-16', '2018-01-16', 1, 7, 16, 'GLOVIS', 2000, 1, '2018-04-22 01:16:46', '2018-04-22 01:16:46'),
(34, '3KPA34AC2JE080504', 4, 43, '2018-01-18', '2018-01-18', 1, 7, 16, 'SOMPO', 8051, 1, '2018-04-22 01:16:46', '2018-04-22 01:16:46'),
(35, 'KNDPR3NC6J7411470', 2, 40, '2018-01-17', '2018-01-17', 1, 7, 19, 'SOMPO', 2146, 1, '2018-04-22 01:16:46', '2018-04-22 01:16:46'),
(36, '3KPA24AC5JE098630', 4, 41, '2018-02-09', '2018-02-09', 1, 7, 11, 'SOMPO', 8700, 1, '2018-04-22 01:16:46', '2018-04-22 01:16:46'),
(37, '5XYPG4A39JG393292', 5, 56, '2018-01-05', '2018-01-05', 1, 7, 16, 'SOMPO', 27082, 1, '2018-04-22 01:16:46', '2018-04-22 01:16:46'),
(38, '5XXGU4L35JG237390', 7, 56, '2018-01-05', '2018-01-05', 1, 7, 16, 'SOMPO', 41229, 1, '2018-04-22 01:16:46', '2018-04-22 01:16:46'),
(39, 'KNDJP3A48J7561073', 1, 14, '2018-01-18', '2018-01-18', 1, 7, 19, 'GLOVIS', 2000, 1, '2018-04-22 01:16:46', '2018-04-22 01:16:46'),
(40, '3KPFK4A7XJE236333', 3, 41, '2018-02-09', '2018-02-09', 1, 7, 11, 'SOMPO', 2900, 1, '2018-04-22 01:16:46', '2018-04-22 01:16:46'),
(41, '3KPFN4A73JE234883', 3, 25, '2018-02-09', '2018-02-09', 1, 7, 16, 'GLOVIS', 2000, 1, '2018-04-22 01:16:46', '2018-04-22 01:16:46'),
(42, '3KPFJ4B74JE237088', 3, 31, '2018-02-09', '2018-02-09', 1, 7, 11, 'GLOVIS', 1740, 1, '2018-04-22 01:16:46', '2018-04-22 01:16:46'),
(43, '3KPFJ4875JE236886', 3, 41, '2018-02-09', '2018-02-09', 1, 7, 11, 'SOMPO', 5800, 1, '2018-04-22 01:16:46', '2018-04-22 01:16:46'),
(44, '3KPFK4A76JE227077', 3, 65, '2018-01-18', '2018-01-18', 1, 7, 14, 'SOMPO', 11817, 1, '2018-04-22 01:16:46', '2018-04-22 01:16:46'),
(45, '3KPA35AC2JE096112', 4, 65, '2018-01-18', '2018-01-18', 1, 7, 14, 'GLOVIS', 1995, 1, '2018-04-22 01:16:46', '2018-04-22 01:16:46'),
(46, 'KNDPN3NA0J7415069', 2, 65, '2018-01-13', '2018-01-13', 1, 7, 14, 'SOMPO', 18951, 1, '2018-04-22 01:16:46', '2018-04-22 01:16:46'),
(47, '3KPFK4A73JE231023', 3, 58, '2018-01-30', '2018-01-30', 1, 7, 14, 'GLOVIS', 1392, 1, '2018-04-22 01:16:46', '2018-04-22 01:16:46'),
(48, '3KPFJ4B73JE225756', 3, 58, '2018-01-13', '2018-01-13', 1, 7, 14, 'SOMPO', 2088, 1, '2018-04-22 01:16:46', '2018-04-22 01:16:46'),
(49, '3KPFL4A76JE225066', 3, 58, '2018-01-13', '2018-01-13', 1, 7, 14, 'SOMPO', 3306, 1, '2018-04-22 01:16:46', '2018-04-22 01:16:46'),
(50, '3KPA34AC3JE095819', 4, 58, '2018-01-13', '2018-01-13', 1, 7, 14, 'GLOVIS', 1450, 1, '2018-04-22 01:16:46', '2018-04-22 01:16:46'),
(51, '3KPA34AC2JE096072', 4, 58, '2018-01-21', '2018-01-21', 1, 7, 14, 'GLOVIS', 1798, 1, '2018-04-22 01:16:46', '2018-04-22 01:16:46'),
(52, '3KPA35AC7JE096655', 4, 58, '2018-01-21', '2018-01-21', 1, 7, 14, 'GLOVIS', 1392, 1, '2018-04-22 01:16:46', '2018-04-22 01:16:46'),
(53, 'KNDPRCNC7J7434711', 2, 39, '2018-01-17', '2018-01-17', 1, 7, 6, 'SOMPO', 2960, 1, '2018-04-22 01:16:46', '2018-04-22 01:16:46'),
(54, '3KPFJ4B77JE222679', 4, 83, '2018-01-15', '2018-01-15', 1, 7, 11, 'SOMPO', 11711, 1, '2018-04-22 01:16:46', '2018-04-22 01:16:46'),
(55, '3KPFN4A75JE227434', 3, 25, '2018-02-09', '2018-02-09', 1, 7, 16, 'GLOVIS', 2000, 1, '2018-04-22 01:16:46', '2018-04-22 01:16:46'),
(56, '3KPA34AC9JE101056', 4, 41, '2018-02-10', '2018-02-10', 1, 7, 11, 'SOMPO', 2900, 1, '2018-04-22 01:16:46', '2018-04-22 01:16:46'),
(57, '3KPFN4A72JE234938', 3, 41, '2018-02-10', '2018-02-10', 1, 7, 11, 'SOMPO', 2900, 1, '2018-04-22 01:16:46', '2018-04-22 01:16:46'),
(58, '3KPFL4A7XJE230027', 3, 58, '2018-02-02', '2018-02-02', 1, 7, 14, 'GLOVIS', 1740, 1, '2018-04-22 01:16:46', '2018-04-22 01:16:46'),
(59, '3KPA24ACXJE091981', 4, 83, '2018-01-15', '2018-01-15', 1, 7, 11, 'SOMPO', 3443, 1, '2018-04-22 01:16:46', '2018-04-22 01:16:46'),
(60, '3KPFJ4B76JE230742', 3, 59, '2018-01-31', '2018-01-31', 1, 7, 15, 'GLOVIS', 1000, 1, '2018-04-22 01:16:46', '2018-04-22 01:16:46'),
(61, '3KPFL5A72JE225426', 3, 83, '2018-02-16', '2018-02-16', 1, 7, 11, 'SOMPO', 11711, 1, '2018-04-22 01:16:46', '2018-04-22 01:16:46'),
(62, '3KPFK4A76JE231257', 3, 51, '2018-02-16', '2018-02-16', 1, 7, 16, 'SOMPO', 3712, 1, '2018-04-22 01:16:46', '2018-04-22 01:16:46'),
(63, 'KNDPM3NA2J7411401', 2, 7, '2018-02-15', '2018-02-15', 1, 7, 19, 'SOMPO', 6264, 1, '2018-04-22 01:16:46', '2018-04-22 01:16:46'),
(64, 'KNDPM3NA0J7411803', 2, 7, '2018-02-15', '2018-02-15', 1, 7, 19, 'SOMPO', 2552, 1, '2018-04-22 01:16:46', '2018-04-22 01:16:46'),
(65, 'KNAE25LA1J6009903', 6, 63, '2018-02-26', '2018-02-26', 1, 7, 19, 'SOMPO', 7656, 1, '2018-04-22 01:16:46', '2018-04-22 01:16:46'),
(66, 'KNDPN3NA6J7439733', 2, 10, '2018-02-21', '2018-02-21', 1, 7, 15, 'SOMPO', 4720, 1, '2018-04-22 01:16:46', '2018-04-22 01:16:46'),
(67, '3KPFK4A75JE229774', 3, 63, '2018-02-06', '2018-02-06', 1, 7, 16, 'GLOVIS', 1276, 1, '2018-04-22 01:16:46', '2018-04-22 01:16:46'),
(68, '3KPFL4A71JE229042', 3, 58, '2018-02-02', '2018-02-02', 1, 7, 14, 'SOMPO', 7540, 1, '2018-04-22 01:16:46', '2018-04-22 01:16:46'),
(69, '3KPFL5A71JE225031', 3, 58, '2018-02-02', '2018-02-02', 1, 7, 14, 'SOMPO', 8120, 1, '2018-04-22 01:16:46', '2018-04-22 01:16:46'),
(70, '3KPA25AC5JE098391', 4, 58, '2018-02-02', '2018-02-02', 1, 7, 14, 'GLOVIS', 1392, 1, '2018-04-22 01:16:46', '2018-04-22 01:16:46'),
(71, '3KPA24AC6JE097843', 4, 58, '2018-02-02', '2018-02-02', 1, 7, 14, 'SOMPO', 5220, 1, '2018-04-22 01:16:46', '2018-04-22 01:16:46'),
(72, '3KPA35AC1JE103647', 4, 67, '2018-02-24', '2018-02-24', 1, 7, 14, 'GLOVIS', 1740, 1, '2018-04-22 01:16:46', '2018-04-22 01:16:46'),
(73, '3KPFJ4B78JE230838', 3, 63, '2018-02-06', '2018-02-06', 1, 7, 16, 'GLOVIS', 1276, 1, '2018-04-22 01:16:46', '2018-04-22 01:16:46'),
(74, '3KPFL4A74JE229049', 3, 52, '2018-02-03', '2018-02-03', 1, 7, 2, 'SOMPO', 2900, 1, '2018-04-22 01:16:46', '2018-04-22 01:16:46'),
(75, 'KNDPN3NA5J7435835', 2, 58, '2018-01-23', '2018-01-23', 1, 7, 14, 'GLOVIS', 1392, 1, '2018-04-22 01:16:46', '2018-04-22 01:16:46'),
(76, '3KPA24BC1JE097215', 4, 58, '2018-01-23', '2018-01-23', 1, 7, 16, 'SOMPO', 2320, 1, '2018-04-22 01:16:46', '2018-04-22 01:16:46'),
(77, '3KPA24AC4JE083228', 4, 58, '2018-01-23', '2018-01-23', 1, 7, 16, 'SOMPO', 2320, 1, '2018-04-22 01:16:46', '2018-04-22 01:16:46'),
(78, '3KPFJ4B71JE236027', 3, 58, '2018-02-11', '2018-02-11', 1, 7, 14, 'GLOVIS', 1392, 1, '2018-04-22 01:16:46', '2018-04-22 01:16:46'),
(79, '3KPA25AC6JE100729', 4, 58, '2018-02-12', '2018-02-12', 1, 7, 14, 'GLOVIS', 1044, 1, '2018-04-22 01:16:46', '2018-04-22 01:16:46'),
(80, '3KPA35AC6JE101344', 4, 58, '2018-02-12', '2018-02-12', 1, 7, 14, 'GLOVIS', 928, 1, '2018-04-22 01:16:46', '2018-04-22 01:16:46'),
(81, '3KPFL4A74JE236499', 3, 25, '2018-02-12', '2018-02-12', 1, 7, 16, 'GLOVIS', 2000, 1, '2018-04-22 01:16:46', '2018-04-22 01:16:46'),
(82, '3KPFN4A76JE234859 ', 3, 25, '2018-02-12', '2018-02-12', 1, 7, 16, 'GLOVIS', 2000, 1, '2018-04-22 01:16:46', '2018-04-22 01:16:46'),
(83, 'KNDJN2A14J7607231', 1, 63, '2018-02-13', '2018-02-13', 1, 7, 6, 'SOMPO', 4524, 1, '2018-04-22 01:16:46', '2018-04-22 01:16:46'),
(84, '3KPA35AC7JE100848', 4, 13, '2018-01-06', '2018-01-06', 1, 7, 16, 'GLOVIS', 1736, 1, '2018-04-22 01:16:46', '2018-04-22 01:16:46'),
(85, 'KNDJP3A48J7605914', 1, 70, '2018-02-22', '2018-02-22', 1, 7, 6, 'SOMPO', 12564, 1, '2018-04-22 01:16:46', '2018-04-22 01:16:46'),
(86, '3KPFK4A70JE228371', 3, 41, '2018-01-29', '2018-01-29', 1, 7, 11, 'SOMPO', 7798, 1, '2018-04-22 01:16:46', '2018-04-22 01:16:46'),
(87, 'KNDPN3NA0J7440943', 2, 58, '2018-02-19', '2018-02-19', 1, 7, 14, 'GLOVIS', 1856, 1, '2018-04-22 01:16:46', '2018-04-22 01:16:46'),
(88, 'KNDPN3NA0J7440988', 2, 58, '2018-02-19', '2018-02-19', 1, 7, 14, 'SOMPO', 3712, 1, '2018-04-22 01:16:46', '2018-04-22 01:16:46'),
(89, 'KNDPRCNC7J7406598', 2, 82, '2018-01-18', '2018-01-18', 1, 7, 14, 'SOMPO', 2366, 1, '2018-04-22 01:16:46', '2018-04-22 01:16:46'),
(90, 'KNDPN3NAXJ7403902', 2, 82, '2018-01-18', '2018-01-18', 1, 7, 14, 'SOMPO', 23666, 1, '2018-04-22 01:16:46', '2018-04-22 01:16:46'),
(91, 'KNDJP3A41J7598000', 1, 67, '2018-02-18', '2018-02-18', 1, 7, 19, 'SOMPO', 8550, 1, '2018-04-22 01:16:46', '2018-04-22 01:16:46'),
(92, '3KPA35ACXJE105302', 4, 79, '2018-02-28', '2018-02-28', 1, 7, 11, 'GLOVIS', 2000, 1, '2018-04-22 01:16:46', '2018-04-22 01:16:46'),
(93, '3KPFL4A75JE240139', 3, 79, '2018-02-28', '2018-02-28', 1, 7, 11, 'GLOVIS', 2000, 1, '2018-04-22 01:16:46', '2018-04-22 01:16:46'),
(94, '3KPFJ4B78JE240477', 3, 41, '2018-02-20', '2018-02-20', 1, 7, 11, 'SOMPO', 2900, 1, '2018-04-22 01:16:46', '2018-04-22 01:16:46'),
(95, '3KPFJ4B7XJE240464', 3, 41, '2018-02-20', '2018-02-20', 1, 7, 11, 'SOMPO', 2900, 1, '2018-04-22 01:16:46', '2018-04-22 01:16:46'),
(96, '5XYPG4A39JG414836 ', 5, 1, '2018-02-20', '2018-02-20', 1, 7, 11, 'SOMPO', 13881, 1, '2018-04-22 01:16:46', '2018-04-22 01:16:46'),
(97, '3KPFL5A71JE241746', 3, 12, '2018-02-24', '2018-02-24', 1, 7, 14, 'SOMPO', 24006, 1, '2018-04-22 01:16:46', '2018-04-22 01:16:46'),
(98, '3KPFN5A70JE243398', 3, 1, '2018-03-02', '2018-03-02', 1, 7, 11, 'GLOVIS', 2000, 1, '2018-04-22 01:16:46', '2018-04-22 01:16:46'),
(99, 'KNDPM3NA9J7398212', 2, 29, '2018-01-03', '2018-01-03', 2, NULL, 8, 'SOMPO', 13808, 1, '2018-04-24 04:07:42', '2018-04-24 04:07:42'),
(100, 'KNDJP3A48J7567259', 1, 29, '2018-01-03', '2018-01-03', 2, NULL, 8, 'GLOVIS', 986, 1, '2018-04-24 04:07:42', '2018-04-24 04:07:42'),
(101, '3KPFK4A73JE222502', 3, 41, '2018-01-15', '2018-01-15', 2, NULL, 2, 'SOMPO', 2320, 1, '2018-04-24 04:07:42', '2018-04-24 04:07:42'),
(102, 'KNDPN3NA9J7435921', 2, 54, '2018-01-19', '2018-01-19', 2, NULL, 19, 'SOMPO', 3300, 1, '2018-04-24 04:07:42', '2018-04-24 04:07:42'),
(103, '3KPA25AC4JE099127', 4, 58, '2018-02-02', '2018-02-02', 2, NULL, 14, 'GLOVIS', 1392, 1, '2018-04-24 04:07:42', '2018-04-24 04:07:42'),
(104, '3KPA25AC7JE100898', 4, 58, '2018-02-12', '2018-02-12', 2, NULL, 14, 'GLOVIS', 1392, 1, '2018-04-24 04:07:42', '2018-04-24 04:07:42'),
(105, '3KPA35AC2JE101499', 4, 58, '2018-02-12', '2018-02-12', 2, NULL, 14, 'GLOVIS', 1392, 1, '2018-04-24 04:07:42', '2018-04-24 04:07:42'),
(106, '3KPA35AC5JE101206', 4, 58, '2018-02-12', '2018-02-12', 2, NULL, 14, 'GLOVIS', 1392, 1, '2018-04-24 04:07:42', '2018-04-24 04:07:42'),
(107, '3KPA35AC5JE101223', 4, 58, '2018-02-12', '2018-02-12', 2, NULL, 14, 'GLOVIS', 1392, 1, '2018-04-24 04:07:42', '2018-04-24 04:07:42'),
(108, 'KNDPR3NCXJ7438915', 2, 63, '2018-02-15', '2018-02-15', 2, NULL, 6, 'SOMPO', 13184, 1, '2018-04-24 04:07:42', '2018-04-24 04:07:42'),
(109, 'KNDPR3NC3J7410387', 2, 13, '2018-02-14', '2018-02-14', 2, NULL, 6, 'GLOVIS', 1218, 1, '2018-04-24 04:07:42', '2018-04-24 04:07:42'),
(110, 'KNDJP3A43J7580372', 1, 13, '2018-02-14', '2018-02-14', 2, NULL, 6, 'GLOVIS', 928, 1, '2018-04-24 04:07:42', '2018-04-24 04:07:42'),
(111, 'KNDJN3A14J7904344', 2, 13, '2018-02-14', '2018-02-14', 2, NULL, 6, 'GLOVIS', 1800, 1, '2018-04-24 04:07:42', '2018-04-24 04:07:42'),
(112, 'KNDPM3NA8J7410902', 2, 14, '2018-02-16', '2018-02-16', 2, NULL, 6, 'SOMPO', 13123, 1, '2018-04-24 04:07:42', '2018-04-24 04:07:42'),
(113, 'KNDPR3NC4J7410270', 2, 14, '2018-02-16', '2018-02-16', 2, NULL, 6, 'GLOVIS', 2000, 1, '2018-04-24 04:07:42', '2018-04-24 04:07:42'),
(114, 'KNDPM3NA6J7411658', 2, 49, '2018-02-15', '2018-02-15', 2, NULL, 6, 'SOMPO', 2133, 1, '2018-04-24 04:07:42', '2018-04-24 04:07:42'),
(115, '5XYPG4A3XJG415607', 5, 26, '2018-02-23', '2018-02-23', 2, NULL, 20, 'GLOVIS', 1856, 1, '2018-04-24 04:07:42', '2018-04-24 04:07:42'),
(116, '3KPA35AC6JE103949', 4, 22, '2018-02-25', '2018-02-25', 2, NULL, 14, 'GLOVIS', 892, 1, '2018-04-24 04:07:42', '2018-04-24 04:07:42'),
(117, '3KPFN5A7XJE241576', 3, 5, '2018-02-23', '2018-02-23', 2, NULL, 15, 'SOMPO', 8944, 1, '2018-04-24 04:07:42', '2018-04-24 04:07:42'),
(118, 'KNDJN3A13J7904271', 1, 49, '2018-02-17', '2018-02-17', 2, NULL, 6, 'SOMPO', 5532, 1, '2018-04-24 04:07:42', '2018-04-24 04:07:42'),
(119, 'KNDJP3A45J7608267', 1, 34, '2018-02-17', '2018-02-17', 2, NULL, 6, 'GLOVIS', 696, 1, '2018-04-24 04:07:42', '2018-04-24 04:07:42'),
(120, 'KNDPR3NC6J7411338', 2, 62, '2018-01-19', '2018-01-19', 2, NULL, 6, 'SOMPO', 7227, 1, '2018-04-24 04:07:42', '2018-04-24 04:07:42'),
(121, 'KNDJN2A16J7607599', 1, 25, '2018-02-20', '2018-02-20', 2, NULL, 6, 'SOMPO', 3191, 1, '2018-04-24 04:07:42', '2018-04-24 04:07:42'),
(122, 'KNDJN2A1XJ7608402', 1, 60, '2018-02-19', '2018-02-19', 2, NULL, 6, 'GLOVIS', 1276, 1, '2018-04-24 04:07:42', '2018-04-24 04:07:42'),
(123, '3KPFL4A70JE237424', 3, 58, '2018-02-20', '2018-02-20', 2, NULL, 14, 'GLOVIS', 1276, 1, '2018-04-24 04:07:42', '2018-04-24 04:07:42'),
(124, '3KPA24AC3JE098240', 4, 58, '2018-02-20', '2018-02-20', 2, NULL, 14, 'GLOVIS', 1856, 1, '2018-04-24 04:07:42', '2018-04-24 04:07:42'),
(125, '5XYPG4A30JG428074', 5, 49, '2018-02-20', '2018-02-20', 2, NULL, 16, 'GLOVIS', 1392, 1, '2018-04-24 04:07:42', '2018-04-24 04:07:42'),
(126, 'KNDJN2A17J7595401', 1, 32, '2018-02-18', '2018-02-18', 2, NULL, 19, 'GLOVIS', 36, 1, '2018-04-24 04:07:42', '2018-04-24 04:07:42'),
(127, 'KNDJP3A44J7598346', 1, 32, '2018-02-18', '2018-02-18', 2, NULL, 19, 'GLOVIS', 36, 1, '2018-04-24 04:07:42', '2018-04-24 04:07:42'),
(128, 'KNDJN3A12J7601756', 1, 32, '2018-02-18', '2018-02-18', 2, NULL, 19, 'GLOVIS', 1078, 1, '2018-04-24 04:07:42', '2018-04-24 04:07:42'),
(129, 'KNDPRN3NC3J7451991', 2, 42, '2018-02-20', '2018-02-20', 2, NULL, 6, 'SOMPO', 2900, 1, '2018-04-24 04:07:42', '2018-04-24 04:07:42'),
(130, '5XYPG4A39JG414285', 2, 58, '2018-02-21', '2018-02-21', 2, NULL, 16, 'SOMPO', 10405, 1, '2018-04-24 04:07:42', '2018-04-24 04:07:42'),
(131, 'KNDPN3NA2J7435646', 2, 45, '2018-02-27', '2018-02-27', 2, NULL, 14, 'SOMPO', 2600, 1, '2018-04-24 04:07:42', '2018-04-24 04:07:42'),
(132, '3KPFN477JE234773', 3, 59, '2018-02-27', '2018-02-27', 2, NULL, 15, 'GLOVIS', 1500, 1, '2018-04-24 04:07:42', '2018-04-24 04:07:42'),
(133, '3KPA35AC4JE103321', 4, 49, '2018-03-01', '2018-03-01', 2, NULL, 16, 'GLOVIS', 1624, 1, '2018-04-24 04:07:42', '2018-04-24 04:07:42'),
(134, '3KPA25AC2JE103899', 4, 57, '2018-03-01', '2018-03-01', 2, NULL, 16, 'GLOVIS', 1650, 1, '2018-04-24 04:07:42', '2018-04-24 04:07:42'),
(135, '3KPA25AC8JE105026', 4, 49, '2018-03-01', '2018-03-01', 2, NULL, 16, 'GLOVIS', 1392, 1, '2018-04-24 04:07:42', '2018-04-24 04:07:42'),
(136, 'KNDPN3NA9J7439029', 2, 20, '2018-03-01', '2018-03-01', 2, NULL, 19, 'SOMPO', 5342, 1, '2018-04-24 04:07:42', '2018-04-24 04:07:42'),
(137, '3KPFL4A75JE240903', 3, 66, '2018-03-02', '2018-03-02', 2, NULL, 14, 'SOMPO', 3000, 1, '2018-04-24 04:07:42', '2018-04-24 04:07:42'),
(138, '5XYPG4A30JG393875', 5, 18, '2018-03-03', '2018-03-03', 2, NULL, 16, 'SOMPO', 3463, 1, '2018-04-24 04:07:42', '2018-04-24 04:07:42'),
(139, '3KPFL5A72JE243571', 3, 50, '2018-03-03', '2018-03-03', 2, NULL, 15, 'SOMPO', 3248, 1, '2018-04-24 04:07:42', '2018-04-24 04:07:42'),
(140, '3KPA24AC2JE104173', 4, 84, '2018-03-03', '2018-03-03', 2, NULL, 4, 'SOMPO', 5104, 1, '2018-04-24 04:07:42', '2018-04-24 04:07:42'),
(141, 'KNDJN3A11J7602042', 1, 26, '2018-03-05', '2018-03-05', 2, NULL, 19, 'GLOVIS', 1624, 1, '2018-04-24 04:07:42', '2018-04-24 04:07:42'),
(142, '3KPFJ4B71JE237713', 3, 26, '2018-02-05', '2018-02-05', 2, NULL, 2, 'GLOVIS', 1624, 1, '2018-04-24 04:07:42', '2018-04-24 04:07:42'),
(143, '3KPFL5A7XJE233693', 3, 77, '2018-03-02', '2018-03-02', 2, NULL, 14, 'SOMPO', 4389, 1, '2018-04-24 04:07:42', '2018-04-24 04:07:42'),
(144, '3KPA24AC6JE105083', 4, 77, '2018-03-02', '2018-03-02', 2, NULL, 14, 'SOMPO', 2204, 1, '2018-04-24 04:07:42', '2018-04-24 04:07:42'),
(145, '5XXGV4L21JG212507', 7, 74, '2018-01-08', '2018-01-08', 3, 1, 2, NULL, 7500, 1, '2018-04-29 22:18:33', '2018-04-29 22:18:33'),
(146, 'KNDJN3A11J7565378', 1, 32, '2018-01-07', '2018-01-07', 3, 1, 2, NULL, 223, 1, '2018-04-29 22:18:33', '2018-04-29 22:18:33'),
(147, '3KPA35AC9JE094826', 4, 26, '2018-01-24', '2018-01-24', 3, 1, 2, NULL, 1740, 1, '2018-04-29 22:18:33', '2018-04-29 22:18:33'),
(148, '3KPFK4A70JE223526', 3, 67, '2018-01-03', '2018-01-03', 3, 1, 16, NULL, 758, 1, '2018-04-29 22:18:33', '2018-04-29 22:18:33'),
(149, 'KNDJN3A10J7566845', 1, 71, '2018-01-03', '2018-01-03', 3, 5, 2, NULL, 500, 1, '2018-04-29 22:18:33', '2018-04-29 22:18:33'),
(150, 'KNDPN3NA0J7416089', 2, 11, '2018-01-11', '2018-01-11', 3, 5, 23, NULL, 4466, 1, '2018-04-29 22:18:33', '2018-04-29 22:18:33'),
(151, '3KPA35AC6JE073657', 4, 13, '2018-01-03', '2018-01-03', 3, 5, 16, NULL, 2267, 1, '2018-04-29 22:18:33', '2018-04-29 22:18:33'),
(152, '3KPFN4A70JE214977', 3, 69, '2018-01-11', '2018-01-11', 3, 1, 2, NULL, 557, 1, '2018-04-29 22:18:33', '2018-04-29 22:18:33'),
(153, ' KNDCC3LC9J5140144 ', 8, 79, '2018-01-17', '2018-01-17', 3, 1, 22, NULL, 3480, 1, '2018-04-29 22:18:33', '2018-04-29 22:18:33'),
(154, 'KNDPN3NA7J7402514', 2, 69, '2018-01-17', '2018-01-17', 3, 3, 2, NULL, 440, 1, '2018-04-29 22:18:33', '2018-04-29 22:18:33'),
(155, '3KPA24AC0JE094081', 4, 69, '2018-01-15', '2018-01-15', 3, 3, 2, NULL, 522, 1, '2018-04-29 22:18:33', '2018-04-29 22:18:33'),
(156, 'KNDPN3NA7J7390221', 2, 69, '2018-01-11', '2018-01-11', 3, 3, 2, NULL, 406, 1, '2018-04-29 22:18:33', '2018-04-29 22:18:33'),
(157, 'KNDPN3NA8J7413957', 2, 32, '2018-01-07', '2018-01-07', 3, 1, 19, NULL, 1102, 1, '2018-04-29 22:18:33', '2018-04-29 22:18:33'),
(158, '5XYPG4A3XJG421844', 5, 43, '2018-01-11', '2018-01-11', 3, 1, 16, NULL, 5800, 1, '2018-04-29 22:18:33', '2018-04-29 22:18:33'),
(159, '3KPFN4A77JE223692', 3, 20, '2018-01-14', '2018-01-14', 3, 1, 2, NULL, 17500, 1, '2018-04-29 22:18:33', '2018-04-29 22:18:33'),
(160, '3KPA25AC1JE097898', 4, 34, '2018-01-31', '2018-01-31', 3, 3, 16, NULL, 9228, 1, '2018-04-29 22:18:33', '2018-04-29 22:18:33'),
(161, '5XYPG4A38JG422880', 5, 49, '2018-02-04', '2018-02-04', 3, 3, 16, NULL, 1392, 1, '2018-04-29 22:18:33', '2018-04-29 22:18:33'),
(162, '3KPFL4A7XJE224356', 3, 66, '2018-01-13', '2018-01-13', 3, 3, 14, NULL, 3944, 1, '2018-04-29 22:18:33', '2018-04-29 22:18:33'),
(163, '3KPFL4A70JE223524', 3, 66, '2018-01-13', '2018-01-13', 3, 3, 14, NULL, 2088, 1, '2018-04-29 22:18:33', '2018-04-29 22:18:33'),
(164, '3KPFL4A75JE223714', 3, 66, '2018-01-13', '2018-01-13', 3, 1, 14, NULL, 6786, 1, '2018-04-29 22:18:33', '2018-04-29 22:18:33'),
(165, 'FOKSNFKASFDSA124', 4, 67, '2018-07-02', '2018-07-02', 2, NULL, 17, NULL, NULL, 1, '2018-07-02 23:38:47', '2018-07-02 23:38:47');

--
-- Volcado de datos para la tabla `order_comments`
--

INSERT INTO `order_comments` (`id`, `comment`, `status`, `idDealer`, `idOrder`, `created_at`, `updated_at`) VALUES
(1, '10/01 En rev. Daño en la parte inferior de la facia trasera, Se pide monto. Aceptada el dia 12/01.', 1, 71, 1, '2018-04-22 01:16:46', '2018-04-22 01:16:46'),
(2, '10/01 En rev. Aceptada ', 1, 22, 2, '2018-04-22 01:16:46', '2018-04-22 01:16:46'),
(3, '10/01 En rev.', 1, 1, 3, '2018-04-22 01:16:46', '2018-04-22 01:16:46'),
(4, '09/01 En rev. Falta manual y poliza.', 1, 31, 4, '2018-04-22 01:16:46', '2018-04-22 01:16:46'),
(5, '10/01 En rev.', 1, 50, 5, '2018-04-22 01:16:46', '2018-04-22 01:16:46'),
(6, '10/01 En rev. Se estipulo en cp.', 1, 43, 6, '2018-04-22 01:16:46', '2018-04-22 01:16:46'),
(7, '08/01 En rev.', 1, 13, 7, '2018-04-22 01:16:46', '2018-04-22 01:16:46'),
(8, '09/01 En rev. Aceptada', 1, 56, 8, '2018-04-22 01:16:46', '2018-04-22 01:16:46'),
(9, '08/01 En rev. Aceptado', 1, 77, 9, '2018-04-22 01:16:46', '2018-04-22 01:16:46'),
(10, '26/01/2018. En rev. ', 1, 73, 10, '2018-04-22 01:16:46', '2018-04-22 01:16:46'),
(11, '12/01 En rev.', 1, 58, 11, '2018-04-22 01:16:46', '2018-04-22 01:16:46'),
(12, '12/01 En rev.', 1, 58, 12, '2018-04-22 01:16:46', '2018-04-22 01:16:46'),
(13, '12/01 En rev. 29/1 Se acepta por omision ', 1, 66, 13, '2018-04-22 01:16:46', '2018-04-22 01:16:46'),
(14, '16/01 En rev. Daño en toldo. 29/1 Aceptada por omision ', 1, 9, 14, '2018-04-22 01:16:46', '2018-04-22 01:16:46'),
(15, '16/01 En rev. Daño en cajuela y toldo, 30/1 Acep', 1, 9, 15, '2018-04-22 01:16:46', '2018-04-22 01:16:46'),
(16, '26/01/2018. En rev, 29/1 Acep', 1, 41, 16, '2018-04-22 01:16:46', '2018-04-22 01:16:46'),
(17, '09/01 En rev. 29/01 aceptado por el trasnsportista no se realizo inspeccion ', 1, 21, 17, '2018-04-22 01:16:46', '2018-04-22 01:16:46'),
(18, '10/01 En rev. 29/01. Se acepta por parte del transportista', 1, 38, 18, '2018-04-22 01:16:46', '2018-04-22 01:16:46'),
(19, '26/01. Een rev. 29/1 Aceptado por el trasnportista ', 1, 58, 19, '2018-04-22 01:16:46', '2018-04-22 01:16:46'),
(20, '29/01/2018 EN REV. Aceptado 30/01', 1, 79, 20, '2018-04-22 01:16:46', '2018-04-22 01:16:46'),
(21, '29/01/2018 EN REV.', 1, 11, 21, '2018-04-22 01:16:46', '2018-04-22 01:16:46'),
(22, '26/01/2018. EN REV . Daño reportado en pdi lzc responsabilidad ocean ', 1, 23, 22, '2018-04-22 01:16:46', '2018-04-22 01:16:46'),
(23, '29/01/2018 EN REV. Aceptado 30/01', 1, 29, 23, '2018-04-22 01:16:46', '2018-04-22 01:16:46'),
(24, '29/01/2018 EN REV. Aceptado 30/01', 1, 1, 24, '2018-04-22 01:16:46', '2018-04-22 01:16:46'),
(25, '30/01/2018 EN REV. ACEPT 31/01', 1, 79, 25, '2018-04-22 01:16:46', '2018-04-22 01:16:46'),
(26, '30/01/2018 EN REV. ACEPT por transportista 31/01', 1, 79, 26, '2018-04-22 01:16:46', '2018-04-22 01:16:46'),
(27, '30/01/2018 EN REV. ACEPT por transportista 31/02', 1, 79, 27, '2018-04-22 01:16:46', '2018-04-22 01:16:46'),
(28, '30/01/2018 EN REV. Acept por transportistra, reconoce faltante. 31/01', 1, 1, 28, '2018-04-22 01:16:46', '2018-04-22 01:16:46'),
(29, '30/01/2018 EN REV. Acept por transportistra, reconoce faltante. 31/02', 1, 31, 29, '2018-04-22 01:16:46', '2018-04-22 01:16:46'),
(30, '31/01/2018. En rev. Daño en cajuela y facia trasera. Aceptada 31/01', 1, 29, 30, '2018-04-22 01:16:46', '2018-04-22 01:16:46'),
(31, '29/01/2018 EN REV. Aceptado 30/01', 1, 11, 31, '2018-04-22 01:16:46', '2018-04-22 01:16:46'),
(32, '29/01/2018 EN REV. Acpt 09/02', 1, 49, 32, '2018-04-22 01:16:46', '2018-04-22 01:16:46'),
(33, '31/01/2018. En rev. Acept 09/02', 1, 14, 33, '2018-04-22 01:16:46', '2018-04-22 01:16:46'),
(34, '20/01/2018 EN REV. Acept por omision 09/02', 1, 43, 34, '2018-04-22 01:16:46', '2018-04-22 01:16:46'),
(35, '06/01/2018. En rev. Acept por transp. 09/02', 1, 40, 35, '2018-04-22 01:16:46', '2018-04-22 01:16:46'),
(36, '09/02/2018 EN REV. Acept 10/02 ', 1, 41, 36, '2018-04-22 01:16:46', '2018-04-22 01:16:46'),
(37, '16/01/2018 EN REV. ACEPT. 8/02 El distribuidor reparara el daño por un tercero. Diferentes daños, en espera de valoracion por daño mayor.', 1, 56, 37, '2018-04-22 01:16:46', '2018-04-22 01:16:46'),
(38, '16/01/2018 EN REV. ACEPT. 8/02 El distribuidor reparara el daño por un tercero. Diferentes daños, en espera de valoracion por daño mayor.', 1, 56, 38, '2018-04-22 01:16:46', '2018-04-22 01:16:46'),
(39, '06/01/2018. En rev. 09/02 en espera de dealer. Acept 10/02', 1, 14, 39, '2018-04-22 01:16:46', '2018-04-22 01:16:46'),
(40, '09/02/2018 EN REV. Acept 10/02 ', 1, 41, 40, '2018-04-22 01:16:46', '2018-04-22 01:16:46'),
(41, '12/02/2018 EN REV. Acept 12/02', 1, 25, 41, '2018-04-22 01:16:46', '2018-04-22 01:16:46'),
(42, '09/02/2018 EN REV. Acept 13/02 ', 1, 31, 42, '2018-04-22 01:16:46', '2018-04-22 01:16:46'),
(43, '09/02/2018 EN REV. Acept 10/02 ', 1, 41, 43, '2018-04-22 01:16:46', '2018-04-22 01:16:46'),
(44, '01/02/2018. En rev. Acept 13/02', 1, 65, 44, '2018-04-22 01:16:46', '2018-04-22 01:16:46'),
(45, '01/02/2018. En rev. Acept 13/03', 1, 65, 45, '2018-04-22 01:16:46', '2018-04-22 01:16:46'),
(46, '01/02/2018. En rev. Daño mayor en puerta trasera izq.', 1, 65, 46, '2018-04-22 01:16:46', '2018-04-22 01:16:46'),
(47, '01/02/2018. En rev. Acept 13/03', 1, 58, 47, '2018-04-22 01:16:46', '2018-04-22 01:16:46'),
(48, '06/01/2018. En rev. Acept 13/03', 1, 58, 48, '2018-04-22 01:16:46', '2018-04-22 01:16:46'),
(49, '06/01/2018. En rev. Daño en facia delantera y cajuela. Acept 13/03', 1, 58, 49, '2018-04-22 01:16:46', '2018-04-22 01:16:46'),
(50, '06/01/2018. En rev. Acept 13/03', 1, 58, 50, '2018-04-22 01:16:46', '2018-04-22 01:16:46'),
(51, '06/01/2018. En rev. Acept 13/04', 1, 58, 51, '2018-04-22 01:16:46', '2018-04-22 01:16:46'),
(52, '06/01/2018. En rev. Acept 13/05', 1, 58, 52, '2018-04-22 01:16:46', '2018-04-22 01:16:46'),
(53, '06/01/2018. En rev. Acept por transp. 09/02', 1, 39, 53, '2018-04-22 01:16:46', '2018-04-22 01:16:46'),
(54, '20/02/2018 EN REV. Acept 23 /02', 1, 83, 54, '2018-04-22 01:16:46', '2018-04-22 01:16:46'),
(55, '21/02/2018 EN REV. Acept 19/02', 1, 25, 55, '2018-04-22 01:16:46', '2018-04-22 01:16:46'),
(56, '21/02/2018 EN REV. Acept 26/02', 1, 41, 56, '2018-04-22 01:16:46', '2018-04-22 01:16:46'),
(57, '21/02/2018 EN REV. Acept 22/02', 1, 41, 57, '2018-04-22 01:16:46', '2018-04-22 01:16:46'),
(58, '21/02/2018 EN REV. Acept 26/02', 1, 58, 58, '2018-04-22 01:16:46', '2018-04-22 01:16:46'),
(59, '20/02/2018 EN REV.  Daño en puertas lado izquierdo.', 1, 83, 59, '2018-04-22 01:16:46', '2018-04-22 01:16:46'),
(60, '09/02/2018 EN REV. En espera de carata porte por parte del dealer. Aceptado por omision.', 1, 59, 60, '2018-04-22 01:16:46', '2018-04-22 01:16:46'),
(61, '20/02/2018 EN REV. 27/02 acept', 1, 83, 61, '2018-04-22 01:16:46', '2018-04-22 01:16:46'),
(62, '27/02/2018 EN REV.  27/02 acept', 1, 51, 62, '2018-04-22 01:16:46', '2018-04-22 01:16:46'),
(63, '21/02/2018 EN REV. Diferentes daños en el frente.', 1, 7, 63, '2018-04-22 01:16:46', '2018-04-22 01:16:46'),
(64, '21/02/2018 EN REV. Diferentes daños en el frente.', 1, 7, 64, '2018-04-22 01:16:46', '2018-04-22 01:16:46'),
(65, '27/02/2018 EN REV.', 1, 63, 65, '2018-04-22 01:16:46', '2018-04-22 01:16:46'),
(66, '26/02/2018 EN REV.', 1, 10, 66, '2018-04-22 01:16:46', '2018-04-22 01:16:46'),
(67, '21/02/2018 EN REV. Acept por omision ', 1, 63, 67, '2018-04-22 01:16:46', '2018-04-22 01:16:46'),
(68, '09/02/2018 EN REV. DAÑO EN PARTE FRONTAL Y LATERALES.', 1, 58, 68, '2018-04-22 01:16:46', '2018-04-22 01:16:46'),
(69, '09/02/2018 EN REV. DAÑO EN PARTE FRONTAL Y LATERALES.', 1, 58, 69, '2018-04-22 01:16:46', '2018-04-22 01:16:46'),
(70, '21/02/2018 EN REV.', 1, 58, 70, '2018-04-22 01:16:46', '2018-04-22 01:16:46'),
(71, '21/02/2018 EN REV.', 1, 58, 71, '2018-04-22 01:16:46', '2018-04-22 01:16:46'),
(72, '27/02/2018 EN REV.', 1, 67, 72, '2018-04-22 01:16:46', '2018-04-22 01:16:46'),
(73, '21/02/2018 EN REV. Acept 02/03', 1, 63, 73, '2018-04-22 01:16:46', '2018-04-22 01:16:46'),
(74, '21/02/2018 EN REV. Se solicitaron imágenes mas claras al dealer', 1, 52, 74, '2018-04-22 01:16:46', '2018-04-22 01:16:46'),
(75, '21/02/2018 EN REV. Daño registrado en lzc', 1, 58, 75, '2018-04-22 01:16:46', '2018-04-22 01:16:46'),
(76, '21/02/2018 EN REV. Acept 02/03', 1, 58, 76, '2018-04-22 01:16:46', '2018-04-22 01:16:46'),
(77, '21/02/2018 EN REV. Acept 02/03', 1, 58, 77, '2018-04-22 01:16:46', '2018-04-22 01:16:46'),
(78, '21/02/2018 EN REV. Acept 02/03', 1, 58, 78, '2018-04-22 01:16:46', '2018-04-22 01:16:46'),
(79, '21/02/2018 EN REV. Acept 02/03', 1, 58, 79, '2018-04-22 01:16:46', '2018-04-22 01:16:46'),
(80, '21/02/2018 EN REV. Acept 02/03', 1, 58, 80, '2018-04-22 01:16:46', '2018-04-22 01:16:46'),
(81, '21/02/2018 EN REV. Acept 02/03', 1, 25, 81, '2018-04-22 01:16:46', '2018-04-22 01:16:46'),
(82, '21/02/2018 EN REV. Acept 02/03', 1, 25, 82, '2018-04-22 01:16:46', '2018-04-22 01:16:46'),
(83, '21/02/2018 EN REV. Acept 02/03', 1, 63, 83, '2018-04-22 01:16:46', '2018-04-22 01:16:46'),
(84, '21/02/2018 EN REV. Acept 02/03', 1, 13, 84, '2018-04-22 01:16:46', '2018-04-22 01:16:46'),
(85, '02/03/2018 EN REV. Acept 02/03', 1, 70, 85, '2018-04-22 01:16:46', '2018-04-22 01:16:46'),
(86, '16/02/2018 EN REV. Acept 17/02', 1, 41, 86, '2018-04-22 01:16:46', '2018-04-22 01:16:46'),
(87, '05/03/2018. EN REV. Acept 05/03', 1, 58, 87, '2018-04-22 01:16:46', '2018-04-22 01:16:46'),
(88, '05/03/2018. EN REV.', 1, 58, 88, '2018-04-22 01:16:46', '2018-04-22 01:16:46'),
(89, '26/02/2018 EN REV. Defecto de pintura', 1, 82, 89, '2018-04-22 01:16:46', '2018-04-22 01:16:46'),
(90, '26/02/2018 EN REV. Defecto de pintura', 1, 82, 90, '2018-04-22 01:16:46', '2018-04-22 01:16:46'),
(91, '05/03/2018. EN REV. Acept 05/03', 1, 67, 91, '2018-04-22 01:16:46', '2018-04-22 01:16:46'),
(92, '05/03/2018. EN REV. Acept 07/03', 1, 79, 92, '2018-04-22 01:16:46', '2018-04-22 01:16:46'),
(93, '05/03/2018. EN REV.', 1, 79, 93, '2018-04-22 01:16:46', '2018-04-22 01:16:46'),
(94, '07/03/2018 EN REV. Acept 08/03', 1, 41, 94, '2018-04-22 01:16:46', '2018-04-22 01:16:46'),
(95, '07/03/2018 EN REV. Acept 08/03', 1, 41, 95, '2018-04-22 01:16:46', '2018-04-22 01:16:46'),
(96, '08/03/2018 EN REV.', 1, 1, 96, '2018-04-22 01:16:46', '2018-04-22 01:16:46'),
(97, '27/02/2018 EN REV. Defecto de pintura', 1, 12, 97, '2018-04-22 01:16:46', '2018-04-22 01:16:46'),
(98, '09/03/2018 EN REV. Acept 09/03', 1, 1, 98, '2018-04-22 01:16:46', '2018-04-22 01:16:46'),
(99, '10/01 En rev. Falta evidencia de patio, 1/2 Se pidió status a KCSM(WWL)', 1, 29, 99, '2018-04-24 04:07:42', '2018-04-24 04:07:42'),
(100, '10/01 En rev. Falta evidencia de patio,  1/2 Se pidió status a KCSM(WWL)', 1, 29, 100, '2018-04-24 04:07:42', '2018-04-24 04:07:42'),
(101, '31/01/2018. En rev. Respueta por parte del dealer', 1, 41, 101, '2018-04-24 04:07:42', '2018-04-24 04:07:42'),
(102, '13/02/2018 EN REV. ', 1, 54, 102, '2018-04-24 04:07:42', '2018-04-24 04:07:42'),
(103, '21/02/2018 EN REV. Defecto de pintura.', 1, 58, 103, '2018-04-24 04:07:42', '2018-04-24 04:07:42'),
(104, '21/02/2018 EN REV. Defecto de pintura.', 1, 58, 104, '2018-04-24 04:07:42', '2018-04-24 04:07:42'),
(105, '21/02/2018 EN REV. Defecto de pintura.', 1, 58, 105, '2018-04-24 04:07:42', '2018-04-24 04:07:42'),
(106, '21/02/2018 EN REV. Defecto de pintura.', 1, 58, 106, '2018-04-24 04:07:42', '2018-04-24 04:07:42'),
(107, '21/02/2018 EN REV. Defecto de pintura.', 1, 58, 107, '2018-04-24 04:07:42', '2018-04-24 04:07:42'),
(108, '21/02/2018 EN REV.', 1, 63, 108, '2018-04-24 04:07:42', '2018-04-24 04:07:42'),
(109, '21/02/2018 EN REV.', 1, 13, 109, '2018-04-24 04:07:42', '2018-04-24 04:07:42'),
(110, '21/02/2018 EN REV.', 1, 13, 110, '2018-04-24 04:07:42', '2018-04-24 04:07:42'),
(111, '21/02/2018 EN REV.', 1, 13, 111, '2018-04-24 04:07:42', '2018-04-24 04:07:42'),
(112, '21/02/2018 EN REV.', 1, 14, 112, '2018-04-24 04:07:42', '2018-04-24 04:07:42'),
(113, '21/02/2018 EN REV.', 1, 14, 113, '2018-04-24 04:07:42', '2018-04-24 04:07:42'),
(114, '21/02/25018. EN REV.', 1, 49, 114, '2018-04-24 04:07:42', '2018-04-24 04:07:42'),
(115, '27/02/2018 EN REV. Defecto de pintura', 1, 26, 115, '2018-04-24 04:07:42', '2018-04-24 04:07:42'),
(116, '27/02/2018 EN REV. Defecto de pintura', 1, 22, 116, '2018-04-24 04:07:42', '2018-04-24 04:07:42'),
(117, '05/03/2018. EN REV.', 1, 5, 117, '2018-04-24 04:07:42', '2018-04-24 04:07:42'),
(118, '05/03/2018. EN REV.', 1, 49, 118, '2018-04-24 04:07:42', '2018-04-24 04:07:42'),
(119, '05/03/2018. EN REV.', 1, 34, 119, '2018-04-24 04:07:42', '2018-04-24 04:07:42'),
(120, '05/03/2018. EN REV.', 1, 62, 120, '2018-04-24 04:07:42', '2018-04-24 04:07:42'),
(121, '05/03/2018. EN REV.', 1, 25, 121, '2018-04-24 04:07:42', '2018-04-24 04:07:42'),
(122, '05/03/2018. EN REV.', 1, 60, 122, '2018-04-24 04:07:42', '2018-04-24 04:07:42'),
(123, '07/03/2018 EN REV.', 1, 58, 123, '2018-04-24 04:07:42', '2018-04-24 04:07:42'),
(124, '07/03/2018 EN REV.', 1, 58, 124, '2018-04-24 04:07:42', '2018-04-24 04:07:42'),
(125, '07/03/2018 EN REV.', 1, 49, 125, '2018-04-24 04:07:42', '2018-04-24 04:07:42'),
(126, '07/03/2018 EN REV.', 1, 32, 126, '2018-04-24 04:07:42', '2018-04-24 04:07:42'),
(127, '07/03/2018 EN REV.', 1, 32, 127, '2018-04-24 04:07:42', '2018-04-24 04:07:42'),
(128, '07/03/2018 EN REV.', 1, 32, 128, '2018-04-24 04:07:42', '2018-04-24 04:07:42'),
(129, '08/03/2018 EN REV.', 1, 42, 129, '2018-04-24 04:07:42', '2018-04-24 04:07:42'),
(130, '08/03/2018 EN REV, 09/03 rejilla dañada', 1, 58, 130, '2018-04-24 04:07:42', '2018-04-24 04:07:42'),
(131, '09/03/2018 EN REV.', 1, 45, 131, '2018-04-24 04:07:42', '2018-04-24 04:07:42'),
(132, '09/03/2018 EN REV.', 1, 59, 132, '2018-04-24 04:07:42', '2018-04-24 04:07:42'),
(133, '09/03/2018 EN REV.', 1, 49, 133, '2018-04-24 04:07:42', '2018-04-24 04:07:42'),
(134, '09/03/2018 EN REV.', 1, 57, 134, '2018-04-24 04:07:42', '2018-04-24 04:07:42'),
(135, '09/03/2018 EN REV.', 1, 49, 135, '2018-04-24 04:07:42', '2018-04-24 04:07:42'),
(136, '09/03/2018 EN REV.', 1, 20, 136, '2018-04-24 04:07:42', '2018-04-24 04:07:42'),
(137, '09/03/2018 EN REV.', 1, 66, 137, '2018-04-24 04:07:42', '2018-04-24 04:07:42'),
(138, '09/03/2018 EN REV.', 1, 18, 138, '2018-04-24 04:07:42', '2018-04-24 04:07:42'),
(139, '09/03/2018 EN REV.', 1, 50, 139, '2018-04-24 04:07:42', '2018-04-24 04:07:42'),
(140, '09/03/2018 EN REV.', 1, 84, 140, '2018-04-24 04:07:42', '2018-04-24 04:07:42'),
(141, '09/03/2018 EN REV.', 1, 26, 141, '2018-04-24 04:07:42', '2018-04-24 04:07:42'),
(142, '09/03/2018 EN REV.', 1, 26, 142, '2018-04-24 04:07:42', '2018-04-24 04:07:42'),
(143, '09/03/2018 EN REV.', 1, 77, 143, '2018-04-24 04:07:42', '2018-04-24 04:07:42'),
(144, '09/03/2018 EN REV.', 1, 77, 144, '2018-04-24 04:07:42', '2018-04-24 04:07:42'),
(145, '09/01 En rev. Daño en la salpicadera trasera y en la facia del lado izquierdo', 1, 74, 145, '2018-04-29 22:18:33', '2018-04-29 22:18:33'),
(146, '09/01 En rev. Falta tapa de gancho de arrastre ', 1, 32, 146, '2018-04-29 22:18:33', '2018-04-29 22:18:33'),
(147, '24/01/2018. EN REV', 1, 26, 147, '2018-04-29 22:18:33', '2018-04-29 22:18:33'),
(148, '09/01 En rev. Falta manual, se envio reporte a daniel en monterrey kia sera responsable ', 1, 67, 148, '2018-04-29 22:18:33', '2018-04-29 22:18:33'),
(149, '10/01 En rev. En espera de respuesta por parte del dealer discrepancia en la cp', 1, 71, 149, '2018-04-29 22:18:33', '2018-04-29 22:18:33'),
(150, '29/01/2018 EN REV. ', 1, 11, 150, '2018-04-29 22:18:33', '2018-04-29 22:18:33'),
(151, '08/01 En rev. Aceptado por garantia se envia a Erick Belmont.', 1, 13, 151, '2018-04-29 22:18:33', '2018-04-29 22:18:33'),
(152, '16/01 En rev.  01/02 declinado, no se manipulan puertas traseras', 1, 69, 152, '2018-04-29 22:18:33', '2018-04-29 22:18:33'),
(153, '30/01/2018 EN REV.', 1, 79, 153, '2018-04-29 22:18:33', '2018-04-29 22:18:33'),
(154, '06/01/2018. En rev, 9/2 Se rechazó al Dealer por que no es un daño que amerite reparacion, con la prevía seelimina', 1, 69, 154, '2018-04-29 22:18:33', '2018-04-29 22:18:33'),
(155, '06/01/2018. En rev. Revisar con previa, 9/2 Se rechazó al Dealer por que no es un daño que amerite reparacion, con la prevía seelimina', 1, 69, 155, '2018-04-29 22:18:33', '2018-04-29 22:18:33'),
(156, '16/01 En rev. Revisar con previa, 9/2 Se rechazó al Dealer por que no es un daño que amerite reparacion, con la prevía seelimina', 1, 69, 156, '2018-04-29 22:18:33', '2018-04-29 22:18:33'),
(157, '30/01/2018 EN REV. Rechazado 09/02', 1, 32, 157, '2018-04-29 22:18:33', '2018-04-29 22:18:33'),
(158, '29/01/2018 EN REV. Diferentes daños en el vheiculo. 09/02 declinado daño minimo se quita con previa ', 1, 43, 158, '2018-04-29 22:18:33', '2018-04-29 22:18:33'),
(159, '31/01/2018. En rev. Faltante de llanta y herramienta ', 1, 20, 159, '2018-04-29 22:18:33', '2018-04-29 22:18:33'),
(160, '09/02/2018 EN REV. Rejected 12/02 no se tiene anotaciones.', 1, 34, 160, '2018-04-29 22:18:33', '2018-04-29 22:18:33'),
(161, '09/02/2018 EN REV.', 1, 49, 161, '2018-04-29 22:18:33', '2018-04-29 22:18:33'),
(162, '30/01/2018 EN REV. Daño en facia delantera y salpicadera izquierda. Reject 13/02', 1, 66, 162, '2018-04-29 22:18:33', '2018-04-29 22:18:33'),
(163, '30/01/2018 EN REV. Daño en facia delantera y salpicadera izquierda. Reject 13/03', 1, 66, 163, '2018-04-29 22:18:33', '2018-04-29 22:18:33'),
(164, '30/01/2018 EN REV. Daño en facia delantera y salpicadera izquierda. Reject 13/04', 1, 66, 164, '2018-04-29 22:18:33', '2018-04-29 22:18:33');

--
-- Volcado de datos para la tabla `reason_rejects`
--

INSERT INTO `reason_rejects` (`id`, `code`, `description`, `created_at`, `updated_at`) VALUES
(1, 'CP', 'CARTA PORTE/DOCUMENTACIÓN ALTERADA', '2018-04-20 21:18:16', NULL),
(2, 'FT', 'FUERA DE TIEMPO', '2018-04-20 21:18:16', NULL),
(3, 'DA', 'DAÑO ACEPTABLE', '2018-04-20 21:18:16', NULL),
(4, 'OT', 'NO ES DAÑO DE TRANSPORTACIÓN (AIAG)', '2018-04-20 21:18:16', NULL),
(5, 'RP', 'REVISIÓN EN PLANTA', '2018-04-20 21:18:16', NULL),
(6, 'DD', 'DAÑO Y/O FALTANTE DETECTABLE EN LA INSPECCIÓN', '2018-04-20 21:18:16', NULL),
(7, 'NA', 'NO APLICA RECHAZO', '2018-04-20 21:18:16', NULL),
(8, 'AP', 'ACTIVIDAD PROHIBIDA', '2018-04-20 21:18:16', NULL);

--
-- Volcado de datos para la tabla `rols`
--

INSERT INTO `rols` (`id`, `name`, `created_at`, `updated_at`) VALUES
(1, 'administrator', NULL, NULL),
(2, 'operator', NULL, NULL);

--
-- Volcado de datos para la tabla `sat_bills`
--

INSERT INTO `sat_bills` (`id`, `idOrder`, `billing_date`, `folio`, `idDealer`, `total_amount`, `idStatusBill`, `pay_date`, `bank`, `import_mxn`, `created_at`, `updated_at`) VALUES
(1, 1, '2018-02-21', 'FC 6233', 71, 480, 2, NULL, NULL, NULL, '2018-04-22 01:16:46', '2018-04-22 01:16:46'),
(2, 2, '2018-02-21', 'FSB 2962', 22, 406, 2, NULL, NULL, NULL, '2018-04-22 01:16:46', '2018-04-22 01:16:46'),
(3, 3, '2018-02-21', 'KMS 8195', 1, 2000, 2, NULL, NULL, NULL, '2018-04-22 01:16:46', '2018-04-22 01:16:46'),
(4, 4, NULL, NULL, 31, NULL, NULL, NULL, NULL, NULL, '2018-04-22 01:16:46', '2018-04-22 01:16:46'),
(5, 5, '2018-02-21', 'DP 2460', 50, 1874, 2, NULL, NULL, NULL, '2018-04-22 01:16:46', '2018-04-22 01:16:46'),
(6, 6, '2018-02-21', 'ND 947', 43, 2000, 2, NULL, NULL, NULL, '2018-04-22 01:16:46', '2018-04-22 01:16:46'),
(7, 7, NULL, NULL, 13, NULL, NULL, NULL, NULL, NULL, '2018-04-22 01:16:46', '2018-04-22 01:16:46'),
(8, 8, '2018-02-21', 'DD 719', 56, 2000, 2, NULL, NULL, NULL, '2018-04-22 01:16:46', '2018-04-22 01:16:46'),
(9, 9, '2018-02-21', 'FC 6232', 77, 986, 2, NULL, NULL, NULL, '2018-04-22 01:16:46', '2018-04-22 01:16:46'),
(10, 10, '2018-02-21', 'SK 1779', 73, 2000, 2, NULL, NULL, NULL, '2018-04-22 01:16:46', '2018-04-22 01:16:46'),
(11, 11, NULL, NULL, 58, NULL, NULL, NULL, NULL, NULL, '2018-04-22 01:16:46', '2018-04-22 01:16:46'),
(12, 12, NULL, NULL, 58, NULL, NULL, NULL, NULL, NULL, '2018-04-22 01:16:46', '2018-04-22 01:16:46'),
(13, 13, '2018-02-21', 'G 4535', 66, 2000, 2, NULL, NULL, NULL, '2018-04-22 01:16:46', '2018-04-22 01:16:46'),
(14, 14, NULL, NULL, 9, NULL, NULL, NULL, NULL, NULL, '2018-04-22 01:16:46', '2018-04-22 01:16:46'),
(15, 15, NULL, NULL, 9, NULL, NULL, NULL, NULL, NULL, '2018-04-22 01:16:46', '2018-04-22 01:16:46'),
(16, 16, NULL, NULL, 41, NULL, NULL, NULL, NULL, NULL, '2018-04-22 01:16:46', '2018-04-22 01:16:46'),
(17, 17, '2018-02-21', 'DBS 7755', 21, 2000, 2, NULL, NULL, NULL, '2018-04-22 01:16:46', '2018-04-22 01:16:46'),
(18, 18, '2018-02-21', 'FSF 1236', 38, 2000, 2, NULL, NULL, NULL, '2018-04-22 01:16:46', '2018-04-22 01:16:46'),
(19, 19, NULL, NULL, 58, NULL, NULL, NULL, NULL, NULL, '2018-04-22 01:16:46', '2018-04-22 01:16:46'),
(20, 20, '2018-02-21', 'SM 446', 79, 1972, 2, NULL, NULL, NULL, '2018-04-22 01:16:46', '2018-04-22 01:16:46'),
(21, 21, NULL, NULL, 11, NULL, NULL, NULL, NULL, NULL, '2018-04-22 01:16:46', '2018-04-22 01:16:46'),
(22, 22, '2018-02-21', 'SERVICIO 2412', 23, 2000, 2, NULL, NULL, NULL, '2018-04-22 01:16:46', '2018-04-22 01:16:46'),
(23, 23, NULL, NULL, 29, NULL, NULL, NULL, NULL, NULL, '2018-04-22 01:16:46', '2018-04-22 01:16:46'),
(24, 24, '2018-02-21', 'KMS 8196', 1, 2000, 2, NULL, NULL, NULL, '2018-04-22 01:16:46', '2018-04-22 01:16:46'),
(25, 25, NULL, NULL, 79, NULL, NULL, NULL, NULL, NULL, '2018-04-22 01:16:46', '2018-04-22 01:16:46'),
(26, 26, NULL, NULL, 79, NULL, NULL, NULL, NULL, NULL, '2018-04-22 01:16:46', '2018-04-22 01:16:46'),
(27, 27, NULL, NULL, 79, NULL, NULL, NULL, NULL, NULL, '2018-04-22 01:16:46', '2018-04-22 01:16:46'),
(28, 28, '2018-02-21', 'KMS 8194', 1, 792, 2, NULL, NULL, NULL, '2018-04-22 01:16:46', '2018-04-22 01:16:46'),
(29, 29, '2018-02-21', 'KESLCIDN 903', 31, 2000, 2, NULL, NULL, NULL, '2018-04-22 01:16:46', '2018-04-22 01:16:46'),
(30, 30, NULL, NULL, 29, NULL, NULL, NULL, NULL, NULL, '2018-04-22 01:16:46', '2018-04-22 01:16:46'),
(31, 31, NULL, NULL, 11, NULL, NULL, NULL, NULL, NULL, '2018-04-22 01:16:46', '2018-04-22 01:16:46'),
(32, 32, '2018-02-21', 'FS 25480', 49, 1856, 2, NULL, NULL, NULL, '2018-04-22 01:16:46', '2018-04-22 01:16:46'),
(33, 33, NULL, NULL, 14, NULL, NULL, NULL, NULL, NULL, '2018-04-22 01:16:46', '2018-04-22 01:16:46'),
(34, 34, '2018-02-21', 'ND 948', 43, 2000, 2, NULL, NULL, NULL, '2018-04-22 01:16:46', '2018-04-22 01:16:46'),
(35, 35, '2018-02-21', 'KB2478', 40, 2000, 2, NULL, NULL, NULL, '2018-04-22 01:16:46', '2018-04-22 01:16:46'),
(36, 36, NULL, NULL, 41, NULL, NULL, NULL, NULL, NULL, '2018-04-22 01:16:46', '2018-04-22 01:16:46'),
(37, 37, '2018-02-21', 'DD 718', 56, 2000, 2, NULL, NULL, NULL, '2018-04-22 01:16:46', '2018-04-22 01:16:46'),
(38, 38, '2018-02-21', 'DD 717', 56, 2000, 2, NULL, NULL, NULL, '2018-04-22 01:16:46', '2018-04-22 01:16:46'),
(39, 39, NULL, NULL, 14, NULL, NULL, NULL, NULL, NULL, '2018-04-22 01:16:46', '2018-04-22 01:16:46'),
(40, 40, '2018-02-21', 'IS 4880', 41, 2000, 2, NULL, NULL, NULL, '2018-04-22 01:16:46', '2018-04-22 01:16:46'),
(41, 41, '2018-02-21', 'A 10490', 25, 2000, 2, NULL, NULL, NULL, '2018-04-22 01:16:46', '2018-04-22 01:16:46'),
(42, 42, '2018-02-21', 'KESLCIDN 905', 31, 1740, 2, NULL, NULL, NULL, '2018-04-22 01:16:46', '2018-04-22 01:16:46'),
(43, 43, '2018-02-21', 'IS 4881', 41, 2000, 2, NULL, NULL, NULL, '2018-04-22 01:16:46', '2018-04-22 01:16:46'),
(44, 44, '2018-02-21', 'CA2 145', 65, 2000, 2, NULL, NULL, NULL, '2018-04-22 01:16:46', '2018-04-22 01:16:46'),
(45, 45, '2018-02-21', 'CA2 147', 65, 1995, 2, NULL, NULL, NULL, '2018-04-22 01:16:46', '2018-04-22 01:16:46'),
(46, 46, '2018-02-21', 'CA2 149', 65, 2000, 2, NULL, NULL, NULL, '2018-04-22 01:16:46', '2018-04-22 01:16:46'),
(47, 47, NULL, NULL, 58, NULL, NULL, NULL, NULL, NULL, '2018-04-22 01:16:46', '2018-04-22 01:16:46'),
(48, 48, NULL, NULL, 58, NULL, NULL, NULL, NULL, NULL, '2018-04-22 01:16:46', '2018-04-22 01:16:46'),
(49, 49, NULL, NULL, 58, NULL, NULL, NULL, NULL, NULL, '2018-04-22 01:16:46', '2018-04-22 01:16:46'),
(50, 50, NULL, NULL, 58, NULL, NULL, NULL, NULL, NULL, '2018-04-22 01:16:46', '2018-04-22 01:16:46'),
(51, 51, NULL, NULL, 58, NULL, NULL, NULL, NULL, NULL, '2018-04-22 01:16:46', '2018-04-22 01:16:46'),
(52, 52, NULL, NULL, 58, NULL, NULL, NULL, NULL, NULL, '2018-04-22 01:16:46', '2018-04-22 01:16:46'),
(53, 53, NULL, NULL, 39, NULL, NULL, NULL, NULL, NULL, '2018-04-22 01:16:46', '2018-04-22 01:16:46'),
(54, 54, NULL, NULL, 83, NULL, NULL, NULL, NULL, NULL, '2018-04-22 01:16:46', '2018-04-22 01:16:46'),
(55, 55, NULL, NULL, 25, NULL, NULL, NULL, NULL, NULL, '2018-04-22 01:16:46', '2018-04-22 01:16:46'),
(56, 56, NULL, NULL, 41, NULL, NULL, NULL, NULL, NULL, '2018-04-22 01:16:46', '2018-04-22 01:16:46'),
(57, 57, NULL, NULL, 41, NULL, NULL, NULL, NULL, NULL, '2018-04-22 01:16:46', '2018-04-22 01:16:46'),
(58, 58, NULL, NULL, 58, NULL, NULL, NULL, NULL, NULL, '2018-04-22 01:16:46', '2018-04-22 01:16:46'),
(59, 59, NULL, NULL, 83, NULL, NULL, NULL, NULL, NULL, '2018-04-22 01:16:46', '2018-04-22 01:16:46'),
(60, 60, NULL, NULL, 59, NULL, NULL, NULL, NULL, NULL, '2018-04-22 01:16:46', '2018-04-22 01:16:46'),
(61, 61, NULL, NULL, 83, NULL, NULL, NULL, NULL, NULL, '2018-04-22 01:16:46', '2018-04-22 01:16:46'),
(62, 62, NULL, NULL, 51, NULL, NULL, NULL, NULL, NULL, '2018-04-22 01:16:46', '2018-04-22 01:16:46'),
(63, 63, NULL, NULL, 7, NULL, NULL, NULL, NULL, NULL, '2018-04-22 01:16:46', '2018-04-22 01:16:46'),
(64, 64, NULL, NULL, 7, NULL, NULL, NULL, NULL, NULL, '2018-04-22 01:16:46', '2018-04-22 01:16:46'),
(65, 65, NULL, NULL, 63, NULL, NULL, NULL, NULL, NULL, '2018-04-22 01:16:46', '2018-04-22 01:16:46'),
(66, 66, NULL, NULL, 10, NULL, NULL, NULL, NULL, NULL, '2018-04-22 01:16:46', '2018-04-22 01:16:46'),
(67, 67, NULL, NULL, 63, NULL, NULL, NULL, NULL, NULL, '2018-04-22 01:16:46', '2018-04-22 01:16:46'),
(68, 68, NULL, NULL, 58, NULL, NULL, NULL, NULL, NULL, '2018-04-22 01:16:46', '2018-04-22 01:16:46'),
(69, 69, NULL, NULL, 58, NULL, NULL, NULL, NULL, NULL, '2018-04-22 01:16:46', '2018-04-22 01:16:46'),
(70, 70, NULL, NULL, 58, NULL, NULL, NULL, NULL, NULL, '2018-04-22 01:16:46', '2018-04-22 01:16:46'),
(71, 71, NULL, NULL, 58, NULL, NULL, NULL, NULL, NULL, '2018-04-22 01:16:46', '2018-04-22 01:16:46'),
(72, 72, NULL, NULL, 67, NULL, NULL, NULL, NULL, NULL, '2018-04-22 01:16:46', '2018-04-22 01:16:46'),
(73, 73, NULL, NULL, 63, NULL, NULL, NULL, NULL, NULL, '2018-04-22 01:16:46', '2018-04-22 01:16:46'),
(74, 74, NULL, NULL, 52, NULL, NULL, NULL, NULL, NULL, '2018-04-22 01:16:46', '2018-04-22 01:16:46'),
(75, 75, NULL, NULL, 58, NULL, NULL, NULL, NULL, NULL, '2018-04-22 01:16:46', '2018-04-22 01:16:46'),
(76, 76, NULL, NULL, 58, NULL, NULL, NULL, NULL, NULL, '2018-04-22 01:16:46', '2018-04-22 01:16:46'),
(77, 77, NULL, NULL, 58, NULL, NULL, NULL, NULL, NULL, '2018-04-22 01:16:46', '2018-04-22 01:16:46'),
(78, 78, NULL, NULL, 58, NULL, NULL, NULL, NULL, NULL, '2018-04-22 01:16:46', '2018-04-22 01:16:46'),
(79, 79, NULL, NULL, 58, NULL, NULL, NULL, NULL, NULL, '2018-04-22 01:16:46', '2018-04-22 01:16:46'),
(80, 80, NULL, NULL, 58, NULL, NULL, NULL, NULL, NULL, '2018-04-22 01:16:46', '2018-04-22 01:16:46'),
(81, 81, NULL, NULL, 25, NULL, NULL, NULL, NULL, NULL, '2018-04-22 01:16:46', '2018-04-22 01:16:46'),
(82, 82, NULL, NULL, 25, NULL, NULL, NULL, NULL, NULL, '2018-04-22 01:16:46', '2018-04-22 01:16:46'),
(83, 83, NULL, NULL, 63, NULL, NULL, NULL, NULL, NULL, '2018-04-22 01:16:46', '2018-04-22 01:16:46'),
(84, 84, NULL, NULL, 13, NULL, NULL, NULL, NULL, NULL, '2018-04-22 01:16:46', '2018-04-22 01:16:46'),
(85, 85, NULL, NULL, 70, NULL, NULL, NULL, NULL, NULL, '2018-04-22 01:16:46', '2018-04-22 01:16:46'),
(86, 86, NULL, NULL, 41, NULL, NULL, NULL, NULL, NULL, '2018-04-22 01:16:46', '2018-04-22 01:16:46'),
(87, 87, NULL, NULL, 58, NULL, NULL, NULL, NULL, NULL, '2018-04-22 01:16:46', '2018-04-22 01:16:46'),
(88, 88, NULL, NULL, 58, NULL, NULL, NULL, NULL, NULL, '2018-04-22 01:16:46', '2018-04-22 01:16:46'),
(89, 89, NULL, NULL, 82, NULL, NULL, NULL, NULL, NULL, '2018-04-22 01:16:46', '2018-04-22 01:16:46'),
(90, 90, NULL, NULL, 82, NULL, NULL, NULL, NULL, NULL, '2018-04-22 01:16:46', '2018-04-22 01:16:46'),
(91, 91, NULL, NULL, 67, NULL, NULL, NULL, NULL, NULL, '2018-04-22 01:16:46', '2018-04-22 01:16:46'),
(92, 92, NULL, NULL, 79, NULL, NULL, NULL, NULL, NULL, '2018-04-22 01:16:46', '2018-04-22 01:16:46'),
(93, 93, NULL, NULL, 79, NULL, NULL, NULL, NULL, NULL, '2018-04-22 01:16:46', '2018-04-22 01:16:46'),
(94, 94, NULL, NULL, 41, NULL, NULL, NULL, NULL, NULL, '2018-04-22 01:16:46', '2018-04-22 01:16:46'),
(95, 95, NULL, NULL, 41, NULL, NULL, NULL, NULL, NULL, '2018-04-22 01:16:46', '2018-04-22 01:16:46'),
(96, 96, NULL, NULL, 1, NULL, NULL, NULL, NULL, NULL, '2018-04-22 01:16:46', '2018-04-22 01:16:46'),
(97, 97, NULL, NULL, 12, NULL, NULL, NULL, NULL, NULL, '2018-04-22 01:16:46', '2018-04-22 01:16:46'),
(98, 98, NULL, NULL, 1, NULL, NULL, NULL, NULL, NULL, '2018-04-22 01:16:46', '2018-04-22 01:16:46'),
(99, 99, NULL, NULL, 29, NULL, NULL, NULL, NULL, NULL, '2018-04-24 04:07:42', '2018-04-24 04:07:42'),
(100, 100, NULL, NULL, 29, NULL, NULL, NULL, NULL, NULL, '2018-04-24 04:07:42', '2018-04-24 04:07:42'),
(101, 101, NULL, NULL, 41, NULL, NULL, NULL, NULL, NULL, '2018-04-24 04:07:42', '2018-04-24 04:07:42'),
(102, 102, NULL, NULL, 54, NULL, NULL, NULL, NULL, NULL, '2018-04-24 04:07:42', '2018-04-24 04:07:42'),
(103, 103, NULL, NULL, 58, NULL, NULL, NULL, NULL, NULL, '2018-04-24 04:07:42', '2018-04-24 04:07:42'),
(104, 104, NULL, NULL, 58, NULL, NULL, NULL, NULL, NULL, '2018-04-24 04:07:42', '2018-04-24 04:07:42'),
(105, 105, NULL, NULL, 58, NULL, NULL, NULL, NULL, NULL, '2018-04-24 04:07:42', '2018-04-24 04:07:42'),
(106, 106, NULL, NULL, 58, NULL, NULL, NULL, NULL, NULL, '2018-04-24 04:07:42', '2018-04-24 04:07:42'),
(107, 107, NULL, NULL, 58, NULL, NULL, NULL, NULL, NULL, '2018-04-24 04:07:42', '2018-04-24 04:07:42'),
(108, 108, NULL, NULL, 63, NULL, NULL, NULL, NULL, NULL, '2018-04-24 04:07:42', '2018-04-24 04:07:42'),
(109, 109, NULL, NULL, 13, NULL, NULL, NULL, NULL, NULL, '2018-04-24 04:07:42', '2018-04-24 04:07:42'),
(110, 110, NULL, NULL, 13, NULL, NULL, NULL, NULL, NULL, '2018-04-24 04:07:42', '2018-04-24 04:07:42'),
(111, 111, NULL, NULL, 13, NULL, NULL, NULL, NULL, NULL, '2018-04-24 04:07:42', '2018-04-24 04:07:42'),
(112, 112, NULL, NULL, 14, NULL, NULL, NULL, NULL, NULL, '2018-04-24 04:07:42', '2018-04-24 04:07:42'),
(113, 113, NULL, NULL, 14, NULL, NULL, NULL, NULL, NULL, '2018-04-24 04:07:42', '2018-04-24 04:07:42'),
(114, 114, NULL, NULL, 49, NULL, NULL, NULL, NULL, NULL, '2018-04-24 04:07:42', '2018-04-24 04:07:42'),
(115, 115, NULL, NULL, 26, NULL, NULL, NULL, NULL, NULL, '2018-04-24 04:07:42', '2018-04-24 04:07:42'),
(116, 116, NULL, NULL, 22, NULL, NULL, NULL, NULL, NULL, '2018-04-24 04:07:42', '2018-04-24 04:07:42'),
(117, 117, NULL, NULL, 5, NULL, NULL, NULL, NULL, NULL, '2018-04-24 04:07:42', '2018-04-24 04:07:42'),
(118, 118, NULL, NULL, 49, NULL, NULL, NULL, NULL, NULL, '2018-04-24 04:07:42', '2018-04-24 04:07:42'),
(119, 119, NULL, NULL, 34, NULL, NULL, NULL, NULL, NULL, '2018-04-24 04:07:42', '2018-04-24 04:07:42'),
(120, 120, NULL, NULL, 62, NULL, NULL, NULL, NULL, NULL, '2018-04-24 04:07:42', '2018-04-24 04:07:42'),
(121, 121, NULL, NULL, 25, NULL, NULL, NULL, NULL, NULL, '2018-04-24 04:07:42', '2018-04-24 04:07:42'),
(122, 122, NULL, NULL, 60, NULL, NULL, NULL, NULL, NULL, '2018-04-24 04:07:42', '2018-04-24 04:07:42'),
(123, 123, NULL, NULL, 58, NULL, NULL, NULL, NULL, NULL, '2018-04-24 04:07:42', '2018-04-24 04:07:42'),
(124, 124, NULL, NULL, 58, NULL, NULL, NULL, NULL, NULL, '2018-04-24 04:07:42', '2018-04-24 04:07:42'),
(125, 125, NULL, NULL, 49, NULL, NULL, NULL, NULL, NULL, '2018-04-24 04:07:42', '2018-04-24 04:07:42'),
(126, 126, NULL, NULL, 32, NULL, NULL, NULL, NULL, NULL, '2018-04-24 04:07:42', '2018-04-24 04:07:42'),
(127, 127, NULL, NULL, 32, NULL, NULL, NULL, NULL, NULL, '2018-04-24 04:07:42', '2018-04-24 04:07:42'),
(128, 128, NULL, NULL, 32, NULL, NULL, NULL, NULL, NULL, '2018-04-24 04:07:42', '2018-04-24 04:07:42'),
(129, 129, NULL, NULL, 42, NULL, NULL, NULL, NULL, NULL, '2018-04-24 04:07:42', '2018-04-24 04:07:42'),
(130, 130, NULL, NULL, 58, NULL, NULL, NULL, NULL, NULL, '2018-04-24 04:07:42', '2018-04-24 04:07:42'),
(131, 131, NULL, NULL, 45, NULL, NULL, NULL, NULL, NULL, '2018-04-24 04:07:42', '2018-04-24 04:07:42'),
(132, 132, NULL, NULL, 59, NULL, NULL, NULL, NULL, NULL, '2018-04-24 04:07:42', '2018-04-24 04:07:42'),
(133, 133, NULL, NULL, 49, NULL, NULL, NULL, NULL, NULL, '2018-04-24 04:07:42', '2018-04-24 04:07:42'),
(134, 134, NULL, NULL, 57, NULL, NULL, NULL, NULL, NULL, '2018-04-24 04:07:42', '2018-04-24 04:07:42'),
(135, 135, NULL, NULL, 49, NULL, NULL, NULL, NULL, NULL, '2018-04-24 04:07:42', '2018-04-24 04:07:42'),
(136, 136, NULL, NULL, 20, NULL, NULL, NULL, NULL, NULL, '2018-04-24 04:07:42', '2018-04-24 04:07:42'),
(137, 137, NULL, NULL, 66, NULL, NULL, NULL, NULL, NULL, '2018-04-24 04:07:42', '2018-04-24 04:07:42'),
(138, 138, NULL, NULL, 18, NULL, NULL, NULL, NULL, NULL, '2018-04-24 04:07:42', '2018-04-24 04:07:42'),
(139, 139, NULL, NULL, 50, NULL, NULL, NULL, NULL, NULL, '2018-04-24 04:07:42', '2018-04-24 04:07:42'),
(140, 140, NULL, NULL, 84, NULL, NULL, NULL, NULL, NULL, '2018-04-24 04:07:42', '2018-04-24 04:07:42'),
(141, 141, NULL, NULL, 26, NULL, NULL, NULL, NULL, NULL, '2018-04-24 04:07:42', '2018-04-24 04:07:42'),
(142, 142, NULL, NULL, 26, NULL, NULL, NULL, NULL, NULL, '2018-04-24 04:07:42', '2018-04-24 04:07:42'),
(143, 143, NULL, NULL, 77, NULL, NULL, NULL, NULL, NULL, '2018-04-24 04:07:42', '2018-04-24 04:07:42'),
(144, 144, NULL, NULL, 77, NULL, NULL, NULL, NULL, NULL, '2018-04-24 04:07:42', '2018-04-24 04:07:42'),
(145, 145, NULL, NULL, 74, NULL, NULL, NULL, NULL, NULL, '2018-04-29 22:18:33', '2018-04-29 22:18:33'),
(146, 146, NULL, NULL, 32, NULL, NULL, NULL, NULL, NULL, '2018-04-29 22:18:33', '2018-04-29 22:18:33'),
(147, 147, NULL, NULL, 26, NULL, NULL, NULL, NULL, NULL, '2018-04-29 22:18:33', '2018-04-29 22:18:33'),
(148, 148, NULL, NULL, 67, NULL, NULL, NULL, NULL, NULL, '2018-04-29 22:18:33', '2018-04-29 22:18:33'),
(149, 149, NULL, NULL, 71, NULL, NULL, NULL, NULL, NULL, '2018-04-29 22:18:33', '2018-04-29 22:18:33'),
(150, 150, NULL, NULL, 11, NULL, NULL, NULL, NULL, NULL, '2018-04-29 22:18:33', '2018-04-29 22:18:33'),
(151, 151, NULL, NULL, 13, NULL, NULL, NULL, NULL, NULL, '2018-04-29 22:18:33', '2018-04-29 22:18:33'),
(152, 152, NULL, NULL, 69, NULL, NULL, NULL, NULL, NULL, '2018-04-29 22:18:33', '2018-04-29 22:18:33'),
(153, 153, NULL, NULL, 79, NULL, NULL, NULL, NULL, NULL, '2018-04-29 22:18:33', '2018-04-29 22:18:33'),
(154, 154, NULL, NULL, 69, NULL, NULL, NULL, NULL, NULL, '2018-04-29 22:18:33', '2018-04-29 22:18:33'),
(155, 155, NULL, NULL, 69, NULL, NULL, NULL, NULL, NULL, '2018-04-29 22:18:33', '2018-04-29 22:18:33'),
(156, 156, NULL, NULL, 69, NULL, NULL, NULL, NULL, NULL, '2018-04-29 22:18:33', '2018-04-29 22:18:33'),
(157, 157, NULL, NULL, 32, NULL, NULL, NULL, NULL, NULL, '2018-04-29 22:18:33', '2018-04-29 22:18:33'),
(158, 158, NULL, NULL, 43, NULL, NULL, NULL, NULL, NULL, '2018-04-29 22:18:33', '2018-04-29 22:18:33'),
(159, 159, NULL, NULL, 20, NULL, NULL, NULL, NULL, NULL, '2018-04-29 22:18:33', '2018-04-29 22:18:33'),
(160, 160, NULL, NULL, 34, NULL, NULL, NULL, NULL, NULL, '2018-04-29 22:18:33', '2018-04-29 22:18:33'),
(161, 161, NULL, NULL, 49, NULL, NULL, NULL, NULL, NULL, '2018-04-29 22:18:33', '2018-04-29 22:18:33'),
(162, 162, NULL, NULL, 66, NULL, NULL, NULL, NULL, NULL, '2018-04-29 22:18:33', '2018-04-29 22:18:33'),
(163, 163, NULL, NULL, 66, NULL, NULL, NULL, NULL, NULL, '2018-04-29 22:18:33', '2018-04-29 22:18:33'),
(164, 164, NULL, NULL, 66, NULL, NULL, NULL, NULL, NULL, '2018-04-29 22:18:33', '2018-04-29 22:18:33');

--
-- Volcado de datos para la tabla `status_bills`
--

INSERT INTO `status_bills` (`id`, `name`, `created_at`, `updated_at`) VALUES
(1, 'accepted', NULL, NULL),
(2, 'in_process', NULL, NULL),
(3, 'rejected', NULL, NULL),
(4, 'canceled', NULL, NULL),
(5, 'valid', NULL, NULL);

--
-- Volcado de datos para la tabla `status_orders`
--

INSERT INTO `status_orders` (`id`, `name`, `created_at`, `updated_at`) VALUES
(1, 'accepted', NULL, NULL),
(2, 'in_process', NULL, NULL),
(3, 'rejected', NULL, NULL);

--
-- Volcado de datos para la tabla `temporal_payments`
--

INSERT INTO `temporal_payments` (`id`, `idOrder`, `amount_gmx`, `pay_date_gmx`, `smx_claim_number`, `amount_smx`, `pay_date_smx`, `created_at`, `updated_at`) VALUES
(1, 1, 480, NULL, 'NA', NULL, NULL, '2018-04-22 01:16:46', '2018-04-22 01:16:46'),
(2, 2, 406, NULL, 'NA', NULL, NULL, '2018-04-22 01:16:46', '2018-04-22 01:16:46'),
(3, 3, 2000, NULL, '20180001', 12756, NULL, '2018-04-22 01:16:46', '2018-04-22 01:16:46'),
(4, 4, 792, NULL, 'NA', NULL, NULL, '2018-04-22 01:16:46', '2018-04-22 01:16:46'),
(5, 5, 1874, NULL, 'NA', NULL, NULL, '2018-04-22 01:16:46', '2018-04-22 01:16:46'),
(6, 6, 2000, NULL, '20180002', 300, NULL, '2018-04-22 01:16:46', '2018-04-22 01:16:46'),
(7, 7, 1570, NULL, 'NA', NULL, NULL, '2018-04-22 01:16:46', '2018-04-22 01:16:46'),
(8, 8, 2000, NULL, '20180003', 4960, NULL, '2018-04-22 01:16:46', '2018-04-22 01:16:46'),
(9, 9, 986, NULL, 'NA', NULL, NULL, '2018-04-22 01:16:46', '2018-04-22 01:16:46'),
(10, 10, 2000, NULL, '20180004', 5515, NULL, '2018-04-22 01:16:46', '2018-04-22 01:16:46'),
(11, 11, 2000, NULL, '20180005', 900, NULL, '2018-04-22 01:16:46', '2018-04-22 01:16:46'),
(12, 12, 2000, NULL, '20180006', 900, NULL, '2018-04-22 01:16:46', '2018-04-22 01:16:46'),
(13, 13, 2000, NULL, '20180007', 1016, NULL, '2018-04-22 01:16:46', '2018-04-22 01:16:46'),
(14, 14, 2000, NULL, '20180008', 2060, NULL, '2018-04-22 01:16:46', '2018-04-22 01:16:46'),
(15, 15, 2000, NULL, '20180009', 12323, NULL, '2018-04-22 01:16:46', '2018-04-22 01:16:46'),
(16, 16, 2000, NULL, '20180010', 1712, NULL, '2018-04-22 01:16:46', '2018-04-22 01:16:46'),
(17, 17, 2000, NULL, '20180011', 1432, NULL, '2018-04-22 01:16:46', '2018-04-22 01:16:46'),
(18, 18, 2000, NULL, '20180012', 320, NULL, '2018-04-22 01:16:46', '2018-04-22 01:16:46'),
(19, 19, 2000, NULL, '20180013', 3220, NULL, '2018-04-22 01:16:46', '2018-04-22 01:16:46'),
(20, 20, 1972, NULL, 'NA', NULL, NULL, '2018-04-22 01:16:46', '2018-04-22 01:16:46'),
(21, 21, 2000, NULL, '20180014', 4960, NULL, '2018-04-22 01:16:46', '2018-04-22 01:16:46'),
(22, 22, 2000, NULL, '20180015', 6633, NULL, '2018-04-22 01:16:46', '2018-04-22 01:16:46'),
(23, 23, 928, NULL, 'NA', NULL, NULL, '2018-04-22 01:16:46', '2018-04-22 01:16:46'),
(24, 24, 2000, NULL, NULL, 900, NULL, '2018-04-22 01:16:46', '2018-04-22 01:16:46'),
(25, 25, 2000, NULL, NULL, 816, NULL, '2018-04-22 01:16:46', '2018-04-22 01:16:46'),
(26, 26, 2000, NULL, NULL, 816, NULL, '2018-04-22 01:16:46', '2018-04-22 01:16:46'),
(27, 27, 2000, NULL, NULL, 816, NULL, '2018-04-22 01:16:46', '2018-04-22 01:16:46'),
(28, 28, 792, NULL, 'NA', NULL, NULL, '2018-04-22 01:16:46', '2018-04-22 01:16:46'),
(29, 29, 2000, NULL, NULL, 320, NULL, '2018-04-22 01:16:46', '2018-04-22 01:16:46'),
(30, 30, 2000, NULL, '20180016', 3220, NULL, '2018-04-22 01:16:46', '2018-04-22 01:16:46'),
(31, 31, 2000, NULL, '20180018', 4396, NULL, '2018-04-22 01:16:46', '2018-04-22 01:16:46'),
(32, 32, 1856, NULL, 'NA', NULL, NULL, '2018-04-22 01:16:46', '2018-04-22 01:16:46'),
(33, 33, 2000, NULL, 'NA', NULL, NULL, '2018-04-22 01:16:46', '2018-04-22 01:16:46'),
(34, 34, 2000, NULL, '20180019', 6051, NULL, '2018-04-22 01:16:46', '2018-04-22 01:16:46'),
(35, 35, 2000, NULL, '20180020', 146, NULL, '2018-04-22 01:16:46', '2018-04-22 01:16:46'),
(36, 36, 2000, NULL, NULL, 6700, NULL, '2018-04-22 01:16:46', '2018-04-22 01:16:46'),
(37, 37, 2000, NULL, NULL, 25082, NULL, '2018-04-22 01:16:46', '2018-04-22 01:16:46'),
(38, 38, 2000, NULL, NULL, 39229, NULL, '2018-04-22 01:16:46', '2018-04-22 01:16:46'),
(39, 39, 2000, NULL, 'NA', NULL, NULL, '2018-04-22 01:16:46', '2018-04-22 01:16:46'),
(40, 40, 2000, NULL, NULL, 900, NULL, '2018-04-22 01:16:46', '2018-04-22 01:16:46'),
(41, 41, 2000, NULL, 'NA', NULL, NULL, '2018-04-22 01:16:46', '2018-04-22 01:16:46'),
(42, 42, 1740, NULL, 'NA', NULL, NULL, '2018-04-22 01:16:46', '2018-04-22 01:16:46'),
(43, 43, 2000, NULL, NULL, 3800, NULL, '2018-04-22 01:16:46', '2018-04-22 01:16:46'),
(44, 44, 2000, NULL, NULL, 9817, NULL, '2018-04-22 01:16:46', '2018-04-22 01:16:46'),
(45, 45, 1995, NULL, 'NA', NULL, NULL, '2018-04-22 01:16:46', '2018-04-22 01:16:46'),
(46, 46, 2000, NULL, NULL, 16951, NULL, '2018-04-22 01:16:46', '2018-04-22 01:16:46'),
(47, 47, 2000, NULL, 'NA', NULL, NULL, '2018-04-22 01:16:46', '2018-04-22 01:16:46'),
(48, 48, 2000, NULL, NULL, 88, NULL, '2018-04-22 01:16:46', '2018-04-22 01:16:46'),
(49, 49, 2000, NULL, NULL, 1306, NULL, '2018-04-22 01:16:46', '2018-04-22 01:16:46'),
(50, 50, 1450, NULL, 'NA', NULL, NULL, '2018-04-22 01:16:46', '2018-04-22 01:16:46'),
(51, 51, 1798, NULL, 'NA', NULL, NULL, '2018-04-22 01:16:46', '2018-04-22 01:16:46'),
(52, 52, 1392, NULL, 'NA', NULL, NULL, '2018-04-22 01:16:46', '2018-04-22 01:16:46'),
(53, 53, 2000, NULL, NULL, 960, NULL, '2018-04-22 01:16:46', '2018-04-22 01:16:46'),
(54, 54, 2000, NULL, NULL, 9711, NULL, '2018-04-22 01:16:46', '2018-04-22 01:16:46'),
(55, 55, 2000, NULL, 'NA', NULL, NULL, '2018-04-22 01:16:46', '2018-04-22 01:16:46'),
(56, 56, 2000, NULL, '20180034', 900, NULL, '2018-04-22 01:16:46', '2018-04-22 01:16:46'),
(57, 57, 2000, NULL, '20180035', 900, NULL, '2018-04-22 01:16:46', '2018-04-22 01:16:46'),
(58, 58, 1740, NULL, 'NA', NULL, NULL, '2018-04-22 01:16:46', '2018-04-22 01:16:46'),
(59, 59, 2000, NULL, '20180036', 1443, NULL, '2018-04-22 01:16:46', '2018-04-22 01:16:46'),
(60, 60, 1000, NULL, 'NA', NULL, NULL, '2018-04-22 01:16:46', '2018-04-22 01:16:46'),
(61, 61, 2000, NULL, '20180037', 9711, NULL, '2018-04-22 01:16:46', '2018-04-22 01:16:46'),
(62, 62, 2000, NULL, '20180038', 1712, NULL, '2018-04-22 01:16:46', '2018-04-22 01:16:46'),
(63, 63, 2000, NULL, '20180039', 4264, NULL, '2018-04-22 01:16:46', '2018-04-22 01:16:46'),
(64, 64, 2000, NULL, '20180040', 552, NULL, '2018-04-22 01:16:46', '2018-04-22 01:16:46'),
(65, 65, 2000, NULL, '20180041', 5656, NULL, '2018-04-22 01:16:46', '2018-04-22 01:16:46'),
(66, 66, 2000, NULL, '20180042', 2720, NULL, '2018-04-22 01:16:46', '2018-04-22 01:16:46'),
(67, 67, 1276, NULL, 'NA', NULL, NULL, '2018-04-22 01:16:46', '2018-04-22 01:16:46'),
(68, 68, 2000, NULL, '20180043', 5540, NULL, '2018-04-22 01:16:46', '2018-04-22 01:16:46'),
(69, 69, 2000, NULL, '20180044', 6120, NULL, '2018-04-22 01:16:46', '2018-04-22 01:16:46'),
(70, 70, 1392, NULL, 'NA', NULL, NULL, '2018-04-22 01:16:46', '2018-04-22 01:16:46'),
(71, 71, 2000, NULL, '20180045', 3220, NULL, '2018-04-22 01:16:46', '2018-04-22 01:16:46'),
(72, 72, 1740, NULL, 'NA', NULL, NULL, '2018-04-22 01:16:46', '2018-04-22 01:16:46'),
(73, 73, 1276, NULL, 'NA', NULL, NULL, '2018-04-22 01:16:46', '2018-04-22 01:16:46'),
(74, 74, 2000, NULL, '20180046', 900, NULL, '2018-04-22 01:16:46', '2018-04-22 01:16:46'),
(75, 75, 1392, NULL, 'NA', NULL, NULL, '2018-04-22 01:16:46', '2018-04-22 01:16:46'),
(76, 76, 2000, NULL, '20180047', 320, NULL, '2018-04-22 01:16:46', '2018-04-22 01:16:46'),
(77, 77, 2000, NULL, '20180048', 320, NULL, '2018-04-22 01:16:46', '2018-04-22 01:16:46'),
(78, 78, 1392, NULL, 'NA', NULL, NULL, '2018-04-22 01:16:46', '2018-04-22 01:16:46'),
(79, 79, 1044, NULL, 'NA', NULL, NULL, '2018-04-22 01:16:46', '2018-04-22 01:16:46'),
(80, 80, 928, NULL, 'NA', NULL, NULL, '2018-04-22 01:16:46', '2018-04-22 01:16:46'),
(81, 81, 2000, NULL, 'NA', NULL, NULL, '2018-04-22 01:16:46', '2018-04-22 01:16:46'),
(82, 82, 2000, NULL, 'NA', NULL, NULL, '2018-04-22 01:16:46', '2018-04-22 01:16:46'),
(83, 83, 2000, NULL, '20180049', 2524, NULL, '2018-04-22 01:16:46', '2018-04-22 01:16:46'),
(84, 84, 1736, NULL, 'NA', NULL, NULL, '2018-04-22 01:16:46', '2018-04-22 01:16:46'),
(85, 85, 2000, NULL, '20180050', 10564, NULL, '2018-04-22 01:16:46', '2018-04-22 01:16:46'),
(86, 86, 2000, NULL, NULL, 5798, NULL, '2018-04-22 01:16:46', '2018-04-22 01:16:46'),
(87, 87, 1856, NULL, 'NA', NULL, NULL, '2018-04-22 01:16:46', '2018-04-22 01:16:46'),
(88, 88, 2000, NULL, NULL, 1712, NULL, '2018-04-22 01:16:46', '2018-04-22 01:16:46'),
(89, 89, 2000, NULL, NULL, 366, NULL, '2018-04-22 01:16:46', '2018-04-22 01:16:46'),
(90, 90, 2000, NULL, NULL, 21666, NULL, '2018-04-22 01:16:46', '2018-04-22 01:16:46'),
(91, 91, 2000, NULL, NULL, 6550, NULL, '2018-04-22 01:16:46', '2018-04-22 01:16:46'),
(92, 92, 2000, NULL, 'NA', NULL, NULL, '2018-04-22 01:16:46', '2018-04-22 01:16:46'),
(93, 93, 2000, NULL, 'NA', NULL, NULL, '2018-04-22 01:16:46', '2018-04-22 01:16:46'),
(94, 94, 2000, NULL, NULL, 900, NULL, '2018-04-22 01:16:46', '2018-04-22 01:16:46'),
(95, 95, 2000, NULL, NULL, 900, NULL, '2018-04-22 01:16:46', '2018-04-22 01:16:46'),
(96, 96, 2000, NULL, NULL, 11881, NULL, '2018-04-22 01:16:46', '2018-04-22 01:16:46'),
(97, 97, 2000, NULL, NULL, 22006, NULL, '2018-04-22 01:16:46', '2018-04-22 01:16:46'),
(98, 98, 2000, NULL, 'NA', NULL, NULL, '2018-04-22 01:16:46', '2018-04-22 01:16:46'),
(99, 99, NULL, NULL, NULL, NULL, NULL, '2018-04-24 04:07:42', '2018-04-24 04:07:42'),
(100, 100, NULL, NULL, NULL, NULL, NULL, '2018-04-24 04:07:42', '2018-04-24 04:07:42'),
(101, 101, NULL, NULL, NULL, NULL, NULL, '2018-04-24 04:07:42', '2018-04-24 04:07:42'),
(102, 102, NULL, NULL, NULL, NULL, NULL, '2018-04-24 04:07:42', '2018-04-24 04:07:42'),
(103, 103, NULL, NULL, NULL, NULL, NULL, '2018-04-24 04:07:42', '2018-04-24 04:07:42'),
(104, 104, NULL, NULL, NULL, NULL, NULL, '2018-04-24 04:07:42', '2018-04-24 04:07:42'),
(105, 105, NULL, NULL, NULL, NULL, NULL, '2018-04-24 04:07:42', '2018-04-24 04:07:42'),
(106, 106, NULL, NULL, NULL, NULL, NULL, '2018-04-24 04:07:42', '2018-04-24 04:07:42'),
(107, 107, NULL, NULL, NULL, NULL, NULL, '2018-04-24 04:07:42', '2018-04-24 04:07:42'),
(108, 108, NULL, NULL, NULL, NULL, NULL, '2018-04-24 04:07:42', '2018-04-24 04:07:42'),
(109, 109, NULL, NULL, NULL, NULL, NULL, '2018-04-24 04:07:42', '2018-04-24 04:07:42'),
(110, 110, NULL, NULL, NULL, NULL, NULL, '2018-04-24 04:07:42', '2018-04-24 04:07:42'),
(111, 111, NULL, NULL, NULL, NULL, NULL, '2018-04-24 04:07:42', '2018-04-24 04:07:42'),
(112, 112, NULL, NULL, NULL, NULL, NULL, '2018-04-24 04:07:42', '2018-04-24 04:07:42'),
(113, 113, NULL, NULL, NULL, NULL, NULL, '2018-04-24 04:07:42', '2018-04-24 04:07:42'),
(114, 114, NULL, NULL, NULL, NULL, NULL, '2018-04-24 04:07:42', '2018-04-24 04:07:42'),
(115, 115, NULL, NULL, NULL, NULL, NULL, '2018-04-24 04:07:42', '2018-04-24 04:07:42'),
(116, 116, NULL, NULL, NULL, NULL, NULL, '2018-04-24 04:07:42', '2018-04-24 04:07:42'),
(117, 117, NULL, NULL, NULL, NULL, NULL, '2018-04-24 04:07:42', '2018-04-24 04:07:42'),
(118, 118, NULL, NULL, NULL, NULL, NULL, '2018-04-24 04:07:42', '2018-04-24 04:07:42'),
(119, 119, NULL, NULL, NULL, NULL, NULL, '2018-04-24 04:07:42', '2018-04-24 04:07:42'),
(120, 120, NULL, NULL, NULL, NULL, NULL, '2018-04-24 04:07:42', '2018-04-24 04:07:42'),
(121, 121, NULL, NULL, NULL, NULL, NULL, '2018-04-24 04:07:42', '2018-04-24 04:07:42'),
(122, 122, NULL, NULL, NULL, NULL, NULL, '2018-04-24 04:07:42', '2018-04-24 04:07:42'),
(123, 123, NULL, NULL, NULL, NULL, NULL, '2018-04-24 04:07:42', '2018-04-24 04:07:42'),
(124, 124, NULL, NULL, NULL, NULL, NULL, '2018-04-24 04:07:42', '2018-04-24 04:07:42'),
(125, 125, NULL, NULL, NULL, NULL, NULL, '2018-04-24 04:07:42', '2018-04-24 04:07:42'),
(126, 126, NULL, NULL, NULL, NULL, NULL, '2018-04-24 04:07:42', '2018-04-24 04:07:42'),
(127, 127, NULL, NULL, NULL, NULL, NULL, '2018-04-24 04:07:42', '2018-04-24 04:07:42'),
(128, 128, NULL, NULL, NULL, NULL, NULL, '2018-04-24 04:07:42', '2018-04-24 04:07:42'),
(129, 129, NULL, NULL, NULL, NULL, NULL, '2018-04-24 04:07:42', '2018-04-24 04:07:42'),
(130, 130, NULL, NULL, NULL, NULL, NULL, '2018-04-24 04:07:42', '2018-04-24 04:07:42'),
(131, 131, NULL, NULL, NULL, NULL, NULL, '2018-04-24 04:07:42', '2018-04-24 04:07:42'),
(132, 132, NULL, NULL, NULL, NULL, NULL, '2018-04-24 04:07:42', '2018-04-24 04:07:42'),
(133, 133, NULL, NULL, NULL, NULL, NULL, '2018-04-24 04:07:42', '2018-04-24 04:07:42'),
(134, 134, NULL, NULL, NULL, NULL, NULL, '2018-04-24 04:07:42', '2018-04-24 04:07:42'),
(135, 135, NULL, NULL, NULL, NULL, NULL, '2018-04-24 04:07:42', '2018-04-24 04:07:42'),
(136, 136, NULL, NULL, NULL, NULL, NULL, '2018-04-24 04:07:42', '2018-04-24 04:07:42'),
(137, 137, NULL, NULL, NULL, NULL, NULL, '2018-04-24 04:07:42', '2018-04-24 04:07:42'),
(138, 138, NULL, NULL, NULL, NULL, NULL, '2018-04-24 04:07:42', '2018-04-24 04:07:42'),
(139, 139, NULL, NULL, NULL, NULL, NULL, '2018-04-24 04:07:42', '2018-04-24 04:07:42'),
(140, 140, NULL, NULL, NULL, NULL, NULL, '2018-04-24 04:07:42', '2018-04-24 04:07:42'),
(141, 141, NULL, NULL, NULL, NULL, NULL, '2018-04-24 04:07:42', '2018-04-24 04:07:42'),
(142, 142, NULL, NULL, NULL, NULL, NULL, '2018-04-24 04:07:42', '2018-04-24 04:07:42'),
(143, 143, NULL, NULL, NULL, NULL, NULL, '2018-04-24 04:07:42', '2018-04-24 04:07:42'),
(144, 144, NULL, NULL, NULL, NULL, NULL, '2018-04-24 04:07:42', '2018-04-24 04:07:42'),
(145, 145, NULL, NULL, NULL, NULL, NULL, '2018-04-29 22:18:33', '2018-04-29 22:18:33'),
(146, 146, NULL, NULL, NULL, NULL, NULL, '2018-04-29 22:18:33', '2018-04-29 22:18:33'),
(147, 147, NULL, NULL, NULL, NULL, NULL, '2018-04-29 22:18:33', '2018-04-29 22:18:33'),
(148, 148, NULL, NULL, NULL, NULL, NULL, '2018-04-29 22:18:33', '2018-04-29 22:18:33'),
(149, 149, NULL, NULL, NULL, NULL, NULL, '2018-04-29 22:18:33', '2018-04-29 22:18:33'),
(150, 150, NULL, NULL, NULL, NULL, NULL, '2018-04-29 22:18:33', '2018-04-29 22:18:33'),
(151, 151, NULL, NULL, NULL, NULL, NULL, '2018-04-29 22:18:33', '2018-04-29 22:18:33'),
(152, 152, NULL, NULL, NULL, NULL, NULL, '2018-04-29 22:18:33', '2018-04-29 22:18:33'),
(153, 153, NULL, NULL, NULL, NULL, NULL, '2018-04-29 22:18:33', '2018-04-29 22:18:33'),
(154, 154, NULL, NULL, NULL, NULL, NULL, '2018-04-29 22:18:33', '2018-04-29 22:18:33'),
(155, 155, NULL, NULL, NULL, NULL, NULL, '2018-04-29 22:18:33', '2018-04-29 22:18:33'),
(156, 156, NULL, NULL, NULL, NULL, NULL, '2018-04-29 22:18:33', '2018-04-29 22:18:33'),
(157, 157, NULL, NULL, NULL, NULL, NULL, '2018-04-29 22:18:33', '2018-04-29 22:18:33'),
(158, 158, NULL, NULL, NULL, NULL, NULL, '2018-04-29 22:18:33', '2018-04-29 22:18:33'),
(159, 159, NULL, NULL, NULL, NULL, NULL, '2018-04-29 22:18:33', '2018-04-29 22:18:33'),
(160, 160, NULL, NULL, NULL, NULL, NULL, '2018-04-29 22:18:33', '2018-04-29 22:18:33'),
(161, 161, NULL, NULL, NULL, NULL, NULL, '2018-04-29 22:18:33', '2018-04-29 22:18:33'),
(162, 162, NULL, NULL, NULL, NULL, NULL, '2018-04-29 22:18:33', '2018-04-29 22:18:33'),
(163, 163, NULL, NULL, NULL, NULL, NULL, '2018-04-29 22:18:33', '2018-04-29 22:18:33'),
(164, 164, NULL, NULL, NULL, NULL, NULL, '2018-04-29 22:18:33', '2018-04-29 22:18:33'),
(165, 165, NULL, NULL, NULL, 1000.05, NULL, '2018-07-02 23:38:47', '2018-07-02 23:38:47');

--
-- Volcado de datos para la tabla `users`
--

INSERT INTO `users` (`id`, `code`, `email`, `password`, `idRol`, `remember_token`, `created_at`, `updated_at`) VALUES
(1, 'BDF06', 'BDF06@buscarv.com.mx', '$2y$10$/4VMd4u3ybyy8/2F2TY8mu3U5tURpG3LtF/lkNzWRHe7P3xeIfOTC', 2, 'fpuTFvsIvcM0zOJSTEnLeH3VWum64ukBDfUZSrkhJ3WsM2CUSyQdJcKIODuS', '2018-04-20 20:58:56', '2018-04-20 20:58:56'),
(2, 'DSR01', 'DSR01@buscarv.com.mx', '$2y$10$IiGwHcv2taD7yDBqYdvQcu4.RPBBKj9O/5aMvfs0Zu9lsKkxtqTqO', 2, NULL, '2018-04-20 20:58:56', '2018-04-20 20:58:56'),
(3, 'BAS01', 'BAS01@buscarv.com.mx', '$2y$10$LDqP/wqd0vzO4XJ04VBEF.ZK63bO3edgGTfAb2tHTBXr8Bm2jAmHe', 2, NULL, '2018-04-20 20:58:56', '2018-04-20 20:58:56'),
(4, 'CVZ01', 'CVZ01@buscarv.com.mx', '$2y$10$qvo/x4UrtbNSF.113HrlDuF8IEMNoF/rXep3dM75gcVP8SnTGhQL.', 2, NULL, '2018-04-20 20:58:56', '2018-04-20 20:58:56'),
(5, 'BPL01', 'BPL01@buscarv.com.mx', '$2y$10$L3wBL1S9HeQsHfKNMI7pAeUbTklW/1sVE3vWMOOKgaTWdg1KHXpbS', 2, NULL, '2018-04-20 20:58:56', '2018-04-20 20:58:56'),
(6, 'BVZ01', 'BVZ01@buscarv.com.mx', '$2y$10$tFbMYMz0L4tDpLW9B9Rqdu94/8XKICEAeRzySpU3Y6cmGdV6p9Roq', 2, NULL, '2018-04-20 20:58:57', '2018-04-20 20:58:57'),
(7, 'ATS01', 'ATS01@buscarv.com.mx', '$2y$10$tWFL1o9ziMLXDpR0l.Ovb.nU.1vYzMxH5fTbfr0vMf4WCOLGNKmRK', 2, NULL, '2018-04-20 20:58:57', '2018-04-20 20:58:57'),
(8, 'ACC01', 'ACC01@buscarv.com.mx', '$2y$10$yXyKnakDbkAMVij8h/c7H.KqyDRDRZ/ph76rwQjo91Bx89nw1Y1S6', 2, NULL, '2018-04-20 20:58:57', '2018-04-20 20:58:57'),
(9, 'AGT01', 'AGT01@buscarv.com.mx', '$2y$10$cKjagihOOwR8mB7aSPYBlu8v2K9OB6Z6pJldIOrUz9l3SMuQJ7Y5a', 2, NULL, '2018-04-20 20:58:57', '2018-04-20 20:58:57'),
(10, 'BZS01', 'BZS01@buscarv.com.mx', '$2y$10$UvID1OMR8774CPVtf2l4ouyl2wceNX/9FrVBrBEsUUI33JNfcwAwC', 2, NULL, '2018-04-20 20:58:57', '2018-04-20 20:58:57'),
(11, 'BTC01', 'BTC01@buscarv.com.mx', '$2y$10$ngN7I7oSCDvM333OxWNgZe.Z7YG7fpf78lVRgQigjwG0.E1Zs2L5S', 2, NULL, '2018-04-20 20:58:57', '2018-04-20 20:58:57'),
(12, 'BQR01', 'BQR01@buscarv.com.mx', '$2y$10$1nk0bxoCUUFHwIAnEeZ.jerskf19XksnQt02cBKK/fpGZbzGaVWJi', 2, NULL, '2018-04-20 20:58:57', '2018-04-20 20:58:57'),
(13, 'ESR01', 'ESR01@buscarv.com.mx', '$2y$10$HQaQT6dNgiOnN6QpgDZSs.Y.f7PjbTRplrzM4yMve5f6C4gePKJr.', 2, NULL, '2018-04-20 20:58:57', '2018-04-20 20:58:57'),
(14, 'FSR01', 'FSR01@buscarv.com.mx', '$2y$10$.k9TLtUVhkncQ84l0rs1LOpmi.7.dtHO7CIHp8wc4yz7S3EWKYm5K', 2, NULL, '2018-04-20 20:58:57', '2018-04-20 20:58:57'),
(15, 'BGT02', 'BGT02@buscarv.com.mx', '$2y$10$tHmi1gpV55NT7Ck.4fK4rO0ONdqIJaClmGlov5/1q7Uy90Dp7ji86', 2, NULL, '2018-04-20 20:58:57', '2018-04-20 20:58:57'),
(16, 'AGT04', 'AGT04@buscarv.com.mx', '$2y$10$cLq1YPRVQX3vkC22lzOheOScbis4PCe8sEhBgXz9jufrKJOzYd.Xe', 2, NULL, '2018-04-20 20:58:57', '2018-04-20 20:58:57'),
(17, 'ASP01', 'ASP01@buscarv.com.mx', '$2y$10$alClHlrR.G/xL1izsxRgDOEprrmf40lBmcU0agNIG7IHLHd4h50Si', 2, NULL, '2018-04-20 20:58:57', '2018-04-20 20:58:57'),
(18, 'BCL03', 'BCL03@buscarv.com.mx', '$2y$10$LrnyQq5CS/7bXIJO8zODE.GNjD5C5oQte9ZhJxbksqzcrLMseg0de', 2, NULL, '2018-04-20 20:58:57', '2018-04-20 20:58:57'),
(19, 'AHG01', 'AHG01@buscarv.com.mx', '$2y$10$0mG02232aIV8nCJ0bQ6o9O81xkuXx5NzTbifdV.5JK8bOz5JGzf66', 2, NULL, '2018-04-20 20:58:58', '2018-04-20 20:58:58'),
(20, 'BMC05', 'BMC05@buscarv.com.mx', '$2y$10$DjeF4rfkm28V.xQr/5D1V.R0rTLW1EiTck/p36VZJgZ484IEITbLa', 2, NULL, '2018-04-20 20:58:58', '2018-04-20 20:58:58'),
(21, 'ADF01', 'ADF01@buscarv.com.mx', '$2y$10$1h.VitwskjyDu5ElDYat7eluhbqZrP2nMsDi5yCgk5z5eAo1MBql6', 2, NULL, '2018-04-20 20:58:58', '2018-04-20 20:58:58'),
(22, 'CTC01', 'CTC01@buscarv.com.mx', '$2y$10$0PmND1haNrr7QASf.4xUg.QAffaXJGeTfWLpLBG.KUK9GT8D7Dw6.', 2, NULL, '2018-04-20 20:58:58', '2018-04-20 20:58:58'),
(23, 'DJC02', 'DJC02@buscarv.com.mx', '$2y$10$fFFqnJA0w2bQnmu2D45gtemo2dhXLEW/YfOFWBCO70t4eTwBwhC7S', 2, NULL, '2018-04-20 20:58:58', '2018-04-20 20:58:58'),
(24, 'CAS01', 'CAS01@buscarv.com.mx', '$2y$10$7Vsm.5weHroW3ql.y3W3I./5fBSIkpqdqYYj7saw9lm6xwEGg8dw2', 2, NULL, '2018-04-20 20:58:58', '2018-04-20 20:58:58'),
(25, 'ASR01', 'ASR01@buscarv.com.mx', '$2y$10$8.tNSvQvTmxoyUx1RboF7OfsTnYL.DrZGcqZRnFMzdENsn.XiWks.', 2, NULL, '2018-04-20 20:58:58', '2018-04-20 20:58:58'),
(26, 'BMC06', 'BMC06@buscarv.com.mx', '$2y$10$jlLBZ8ahGYYBbI/5KdGHDOSl8efbVxr9zxoDbJ6a9rcQRgogt4ryG', 2, NULL, '2018-04-20 20:58:58', '2018-04-20 20:58:58'),
(27, 'ECL01', 'ECL01@buscarv.com.mx', '$2y$10$54wJrtG4prtLrGiMBzhb0.Ge48lTKm0yhlBMVdKnjPF/0okvzkL4W', 2, 'R5IXudGKxLi1rcoS42yQ3j7Ca3zvlrohTvILoFarb3IucYxJUMLi7UjgLMlJ', '2018-04-20 20:58:58', '2018-04-20 20:58:58'),
(28, 'FDF05', 'FDF05@buscarv.com.mx', '$2y$10$AH3MYkReGDPNTlm5DwHb3e00ztds/.ehAhiZaod2.ARwTUg3xAj3q', 2, NULL, '2018-04-20 20:58:58', '2018-04-20 20:58:58'),
(29, 'BDF03', 'BDF03@buscarv.com.mx', '$2y$10$8Z4Py2D46qyF78ytsFFqhegiRuaR29OOOiNolwNWsNBUbIeXUmCma', 2, NULL, '2018-04-20 20:58:58', '2018-04-20 20:58:58'),
(30, 'BGR01', 'BGR01@buscarv.com.mx', '$2y$10$XtZUafKEgWQ2vZCJjSmJfe8Tm5OC5a6fSQ8.heR433KGXuStDSh6m', 2, 'Czk8gKrWktiTnriBNL8q3neqvCxBTPNHGHrud2JEER9WadVe8pLwlEwwF1aM', '2018-04-20 20:58:58', '2018-04-20 20:58:58'),
(31, 'CMC05', 'CMC05@buscarv.com.mx', '$2y$10$TOeWam20hTn0BG2UrPS96Oer3cjtM1EoShglSHSSXiXguzrYxkN2O', 2, NULL, '2018-04-20 20:58:58', '2018-04-20 20:58:58'),
(32, 'CMC01', 'CMC01@buscarv.com.mx', '$2y$10$bo6X9lOLWRrRmM6/t0V.JOJhQPjmZK52RQVFrgd7ix3d3xJfBCLzG', 2, NULL, '2018-04-20 20:58:59', '2018-04-20 20:58:59'),
(33, 'DNL02', 'DNL02@buscarv.com.mx', '$2y$10$wuOwW0sFy2bUgOjZUUFp4eDA1IXg2nk9E70DfF9pfOAhYbR5qi5sq', 2, NULL, '2018-04-20 20:58:59', '2018-04-20 20:58:59'),
(34, 'BBC01', 'BBC01@buscarv.com.mx', '$2y$10$KHh.UF2qkJ6h4hnjXJRJxuTMkUBy.da0ly3gNTsgrKrnNtQ8AtL7a', 2, NULL, '2018-04-20 20:58:59', '2018-04-20 20:58:59'),
(35, 'BJC02', 'BJC02@buscarv.com.mx', '$2y$10$uvkyHUVXeJ90j1353Z84VetqzVLGsKnnm07Zl0cf4Zz.8eisoNflm', 2, NULL, '2018-04-20 20:58:59', '2018-04-20 20:58:59'),
(36, 'FJC02', 'FJC02@buscarv.com.mx', '$2y$10$sz0IGJcj6LRFRquu1.BF.OwEqQelB1uwejOdGFerQXG6qaGV/l7nO', 2, NULL, '2018-04-20 20:58:59', '2018-04-20 20:58:59'),
(37, 'CNL02', 'CNL02@buscarv.com.mx', '$2y$10$wZKRSQYmODkKM8y2vX29vOeQsPtnYUV5pjUg/hu1xlD3jUHOWOQVa', 2, NULL, '2018-04-20 20:58:59', '2018-04-20 20:58:59'),
(38, 'ADG01', 'ADG01@buscarv.com.mx', '$2y$10$WR0jmR/F.z8A3VIw3IumHugKtVhK9HjhZAnEMIhf7yNP92oekN0p2', 2, NULL, '2018-04-20 20:58:59', '2018-04-20 20:58:59'),
(39, 'CBC01', 'CBC01@buscarv.com.mx', '$2y$10$/YAI9HPO9B6rgDqCLufVZeb0T.wPluHQ3/rnu4whjTTnBHjOjo1fS', 2, NULL, '2018-04-20 20:58:59', '2018-04-20 20:58:59'),
(40, 'BMC03', 'BMC03@buscarv.com.mx', '$2y$10$7tQaDjDzgy08MpaBK9t3nO0/TmaS4OrSc7miy3B.XYQ4QMhwsCJp2', 2, NULL, '2018-04-20 20:58:59', '2018-04-20 20:58:59'),
(41, 'CMC03', 'CMC03@buscarv.com.mx', '$2y$10$Kg4DZj4a/rWsJMH7cwxhQ.yt2bBr5ZfGpGgbGBqOAhtdKzizoBqWa', 2, 'j0uMkf8lMJs0rFUkTvUfc0fWKz93vdQ2LP2WvwUElHPciv3uQsXQyTn96BiN', '2018-04-20 20:58:59', '2018-04-20 20:58:59'),
(42, 'ACH02', 'ACH02@buscarv.com.mx', '$2y$10$TlYsUmpTbWpcl6sovZVTUe5YvgakMYAPU0EBJv2p8LNuIAhQfmXbq', 2, NULL, '2018-04-20 20:58:59', '2018-04-20 20:58:59'),
(43, 'BCH01', 'BCH01@buscarv.com.mx', '$2y$10$cDlr6nDkT6e64u6W9seDvO5A.li/.1kSQbZdtxRtVvVeIeF7ZGRum', 2, NULL, '2018-04-20 20:58:59', '2018-04-20 20:58:59'),
(44, 'ACL02', 'ACL02@buscarv.com.mx', '$2y$10$zAMaqeOxdrWgrNEt88xmT.ZfxYQyDjtZ8n4Sf4Y5.YeNAdkM5p8ke', 2, NULL, '2018-04-20 20:58:59', '2018-04-20 20:58:59'),
(45, 'ENL02', 'ENL02@buscarv.com.mx', '$2y$10$AutzN48z.dl4sp8NdMZ/0eaRX6BFBldcXcdW3UcViSVCDa.g2MIae', 2, NULL, '2018-04-20 20:58:59', '2018-04-20 20:58:59'),
(46, 'ANL02', 'ANL02@buscarv.com.mx', '$2y$10$bzusR7GKRmqYXVCwfPkh9eJ2hFnED6EcUMkFKB2VWxpHhBF5GlAsi', 2, NULL, '2018-04-20 20:59:00', '2018-04-20 20:59:00'),
(47, 'BSP02', 'BSP02@buscarv.com.mx', '$2y$10$2IJu24nhDeThgd8sHcrVj.qiihahPdbLm2frLkYQJ23iKO1Ikle4W', 2, NULL, '2018-04-20 20:59:00', '2018-04-20 20:59:00'),
(48, 'CMC02', 'CMC02@buscarv.com.mx', '$2y$10$cOh7UfTtz3iAy55zPTSQqO4zAOqShyLSJ5kwcset1Hd7gXVR2OAIW', 2, NULL, '2018-04-20 20:59:00', '2018-04-20 20:59:00'),
(49, 'AJC01', 'AJC01@buscarv.com.mx', '$2y$10$Pkrk9cOmgQsRWu6rktthI.yBRH71wLFKOY5oX5ofhu.4rEo2ISsHO', 2, NULL, '2018-04-20 20:59:00', '2018-04-20 20:59:00'),
(50, 'EPL01', 'EPL01@buscarv.com.mx', '$2y$10$J/wl4cDYzKLa5g.UKjZzYOh7fdvNcp22h2TT36DIPpR.IeSSvyOha', 2, NULL, '2018-04-20 20:59:00', '2018-04-20 20:59:00'),
(51, 'DPL01', 'DPL01@buscarv.com.mx', '$2y$10$Njw69dangFXipBdheDwX4.7tbzfzOniWPN6W.Y.i5kvcbsrIjqJJO', 2, NULL, '2018-04-20 20:59:00', '2018-04-20 20:59:00'),
(52, 'BDF07', 'BDF07@buscarv.com.mx', '$2y$10$voXgIpEaWaEbTkPDrLJE/OlMSWbncLUmGyTY4.2Vn1mpzuBPAkWrO', 2, NULL, '2018-04-20 20:59:00', '2018-04-20 20:59:00'),
(53, 'BCL01', 'BCL01@buscarv.com.mx', '$2y$10$7bDAO7DT45chdXzsm7pX0OPjTJLHvyux395ld7L7qEO/u/oljbCRi', 2, NULL, '2018-04-20 20:59:00', '2018-04-20 20:59:00'),
(54, 'BMC02', 'BMC02@buscarv.com.mx', '$2y$10$osVN8X9F9S23vJdg1oYNSeUHQaiuAh/K3Nco4eXPWqZKz02Ejktsi', 2, NULL, '2018-04-20 20:59:00', '2018-04-20 20:59:00'),
(55, 'CDF05', 'CDF05@buscarv.com.mx', '$2y$10$kDRM6JQXP8NRxEUKHXhX0uHbEcXuwML9fJ8wyID.trd7rdcq6N6ty', 2, NULL, '2018-04-20 20:59:00', '2018-04-20 20:59:00'),
(56, 'BSR01', 'BSR01@buscarv.com.mx', '$2y$10$qkPb9G01xO2unfp6zhDffOwLk5ekUnxsMAt32YSsHYsRSZ83WNlFi', 2, NULL, '2018-04-20 20:59:00', '2018-04-20 20:59:00'),
(57, 'EJC02', 'EJC02@buscarv.com.mx', '$2y$10$bR/JhP2aOtBL7ARMRp6wFeOYnrbte9UIqgzvnl/tqsqYfMESu1VZO', 2, NULL, '2018-04-20 20:59:00', '2018-04-20 20:59:00'),
(58, 'BYN01', 'BYN01@buscarv.com.mx', '$2y$10$2YD0D27YKbW1e7nA5zn5QOhoClTkb/jA4cmJItYUTXE15GKs.Ox.m', 2, 'vvhjs7p8xjI8J7YaV77XlTBQTodCAxcCX543oUcxD9Qd5oMxzcMKTsRU49YT', '2018-04-20 20:59:00', '2018-04-20 20:59:00'),
(59, 'AQT01', 'AQT01@buscarv.com.mx', '$2y$10$XR5N8pD1YBsHg9IfA.tG3OOOxLRtxx4DQZT7MVoUux4YQ55ktiR22', 2, NULL, '2018-04-20 20:59:01', '2018-04-20 20:59:01'),
(60, 'CJC02', 'CJC02@buscarv.com.mx', '$2y$10$kAYRtryGdN9k6gaoPKeR/.ziB42mBBRbVDFJpOFAvoshvv3.Xb68W', 2, NULL, '2018-04-20 20:59:01', '2018-04-20 20:59:01'),
(61, 'DCL01', 'DCL01@buscarv.com.mx', '$2y$10$TI9P7hfiRrkl3a4In.PZwe58TZ9vbe62IKPhFRIkwWzTdm1GrBS/q', 2, NULL, '2018-04-20 20:59:01', '2018-04-20 20:59:01'),
(62, 'EDF05', 'EDF05@buscarv.com.mx', '$2y$10$6gcpoDJ0uZca466luSUCb.C.1R.JQxDKqOXaD2VWDhcJAbjyr4BSa', 2, NULL, '2018-04-20 20:59:01', '2018-04-20 20:59:01'),
(63, 'BJC03', 'BJC03@buscarv.com.mx', '$2y$10$.ll0sESRuzUfk/08AMGNVuidYIO6mSvYS5xnNKI5QWD93VB9dMhUe', 2, NULL, '2018-04-20 20:59:01', '2018-04-20 20:59:01'),
(64, 'BDF05', 'BDF05@buscarv.com.mx', '$2y$10$gaifN.ydCB6i53kUlII7Nev0w6msDUBNqR80DTzQHy7hdtOQoSUX.', 2, NULL, '2018-04-20 20:59:01', '2018-04-20 20:59:01'),
(65, 'CQR01', 'CQR01@buscarv.com.mx', '$2y$10$e2IyGCiQDcfVM9x6.Yr0U.AXV6WAt2FUTMwnUMQaESclBIL8KkS7y', 2, NULL, '2018-04-20 20:59:01', '2018-04-20 20:59:01'),
(66, 'CYN01', 'CYN01@buscarv.com.mx', '$2y$10$fLI2pFS2B1g9UwLcgZWqxuz/xJMusyJXCpablvDZSkOhdNBThYTJy', 2, NULL, '2018-04-20 20:59:01', '2018-04-20 20:59:01'),
(67, 'BOC01', 'BOC01@buscarv.com.mx', '$2y$10$Cv9lHKF/kk6GFo2qvv1ciuHqzrJ6rKUK75xC6KXSunnYu/3CEHvdG', 2, 'AsrtG2oMDMA8LIOpvWfV4LfmpTCMrxtsRFBBprA5RK38bdGY45koTSWb60Sk', '2018-04-20 20:59:01', '2018-04-20 20:59:01'),
(68, 'BGT05', 'BGT05@buscarv.com.mx', '$2y$10$6zMnWpMtSu..gCT5.Vuyou9hqe8rA8sVzW6zDEvD.byYY0KXrrOa6', 2, NULL, '2018-04-20 20:59:01', '2018-04-20 20:59:01'),
(69, 'BMS01', 'BMS01@buscarv.com.mx', '$2y$10$6F4tjshOgTgfxOtLUWw.culKXaBajZznzPgAOstncW0pvrp5XbO0i', 2, NULL, '2018-04-20 20:59:01', '2018-04-20 20:59:01'),
(70, 'ATC01', 'ATC01@buscarv.com.mx', '$2y$10$7kkqf8ZOQDZtAinQE.hYguH.KyNqVxniXWm0k7qCHEtxUnhAnH2.y', 2, NULL, '2018-04-20 20:59:01', '2018-04-20 20:59:01'),
(71, 'CDF07', 'CDF07@buscarv.com.mx', '$2y$10$ePrIDKlFU9pqdUQnPqYgXuTUGVczCVYqfUDVO1/YUirjeb85d58vG', 2, NULL, '2018-04-20 20:59:01', '2018-04-20 20:59:01'),
(72, 'BQT01', 'BQT01@buscarv.com.mx', '$2y$10$yvQNi6.sxkYdcLz7pVVGD.eBoBbxeiRT2E2oPLApdD99W4s4y1mbO', 2, 'sh6H7OXSia8AD8A6XP1HWhpKoLbsAoT8sqZVM0APQHc9eeD3mBIUmrvHpRsW', '2018-04-20 20:59:02', '2018-04-20 20:59:02'),
(73, 'BDF04', 'BDF04@buscarv.com.mx', '$2y$10$GfeYXDSq.jM16DNH9cenGe1PxCEA.n7RKZhsZF/Y7W5fohSCnbUoW', 2, NULL, '2018-04-20 20:59:02', '2018-04-20 20:59:02'),
(74, 'BMC01', 'BMC01@buscarv.com.mx', '$2y$10$xbinef7t02PTKDojjo1RSeLCTDfJm1lrRU2OnljDfQIkEtyEawi3y', 2, NULL, '2018-04-20 20:59:02', '2018-04-20 20:59:02'),
(75, 'CCL01', 'CCL01@buscarv.com.mx', '$2y$10$K0ewV4RrBwkP9Ez1wbyjoOmIGvNz1XCU8sDLU9mZERVaYG3dtwH2i', 2, NULL, '2018-04-20 20:59:02', '2018-04-20 20:59:02'),
(76, 'COC01', 'COC01@buscarv.com.mx', '$2y$10$Bm/ayyOsUksNc/3ltTjnHu0j/JKToBDLvppGMqZuaMu6oYpslDAuy', 2, NULL, '2018-04-20 20:59:02', '2018-04-20 20:59:02'),
(77, 'DTC01', 'DTC01@buscarv.com.mx', '$2y$10$fTfsyImL.QYlkAFd7DPcj.dEj/WDyyvquUfAVujlXDlho9gMpFjie', 2, NULL, '2018-04-20 20:59:02', '2018-04-20 20:59:02'),
(78, 'CTS01', 'CTS01@buscarv.com.mx', '$2y$10$M5t53oxizuyTGYHMZNouPOXyRlvfHv6AFmcRT5GiiSp4ng8kQmyly', 2, NULL, '2018-04-20 20:59:02', '2018-04-20 20:59:02'),
(79, 'BDF09', 'BDF09@buscarv.com.mx', '$2y$10$jfrf5YgdblbCg3/caurHwOiRkZLQgah6DMa4jwlct06sh.AEV5eCC', 2, NULL, '2018-04-20 20:59:02', '2018-04-20 20:59:02'),
(80, 'BDF10', 'BDF10@buscarv.com.mx', '$2y$10$gonmIcZNn3OG7P/EY9oe/eFl4PBor7YUtMLHIvTxRylDVnMkKT8Tq', 2, NULL, '2018-04-20 20:59:02', '2018-04-20 20:59:02'),
(81, 'CJC03', 'CJC03@buscarv.com.mx', '$2y$10$fMk9xcryx1t0ZQF4Z5Oo1eIK/A.drgoN5FIm3rMFkqeCmOgxXevxq', 2, NULL, '2018-04-20 20:59:02', '2018-04-20 20:59:02'),
(82, 'ANL01', 'ANL01@buscarv.com.mx', '$2y$10$bkJZXLoxJtyUy1dQ.x/xZOCfJsZh9FQTEYm4VW.uAM5vRTuwdX806', 2, NULL, '2018-04-20 20:59:02', '2018-04-20 20:59:02'),
(83, 'ADF02', 'ADF02@buscarv.com.mx', '$2y$10$TkNrf0jL7XQ8SpE79ltFzeBsvAdRHI025GKkPG99oLLWPtzdRRlPq', 2, NULL, '2018-04-20 20:59:02', '2018-04-20 20:59:02'),
(84, 'DTS01', 'DTS01@buscarv.com.mx', '$2y$10$ZNwOoQ6x0gI4HJxfZ/0PfOqCWEHGNYBp8Mg5flxnco7Vb9VGbnVie', 2, NULL, '2018-04-20 20:59:02', '2018-04-20 20:59:02'),
(85, 'BGT03', 'BGT03@buscarv.com.mx', '$2y$10$vYJhvk0o4SmzyChvp.H.bukEdRBGL/Z0MXNGpYn6tWnq.tLVYcIkW', 2, NULL, '2018-04-20 20:59:03', '2018-04-20 20:59:03'),
(86, 'zero1808', 'zero.leo1894@gmail.com', '$2y$10$kZXtcK7uOLKOve.NIicPg.Wa8G.N1XB0nRqGImuCKi.BkOHX.epyi', 1, 'lyoCOeOUNIhhYrTqD9BgFtr1wQSekGgrwbvtS0ifpRnaZ3VFSGqj2yWyHIRh', '2018-04-22 01:40:42', '2018-04-22 01:40:42'),
(87, 'karen', 'karen@glovis.mx', '$2y$10$Yx4OOKiS0vJZLq6EJWyf2OtjzSNFL2iUUwdl3IoajJVFblfIrEu6.', 1, 'Hu7EEkXPD66pFEpdcp8meb9J9yPK5u3AFeOx3jT9OpSGPWuscpY8gPEQ1d0a', '2018-04-29 23:40:43', '2018-04-29 23:40:43');

/*!40101 SET CHARACTER_SET_CLIENT=@OLD_CHARACTER_SET_CLIENT */;
/*!40101 SET CHARACTER_SET_RESULTS=@OLD_CHARACTER_SET_RESULTS */;
/*!40101 SET COLLATION_CONNECTION=@OLD_COLLATION_CONNECTION */;
